Time;all drivers with speed == 0;all drivers with speed <= 5
1;0;5
2;0;2
3;2;3
4;0;4
5;0;2
6;0;2
7;0;3
8;0;3
9;1;5
10;1;5
11;1;6
12;1;6
13;1;6
14;3;7
15;3;6
16;3;6
17;3;7
18;4;6
19;5;8
20;7;8
21;8;9
22;9;9
23;9;10
24;10;10
25;10;10
26;10;10
27;10;10
28;10;10
29;10;10
30;10;10
31;10;10
32;10;10
33;10;10
34;10;11
35;10;10
36;10;11
37;10;11
38;10;11
39;10;12
40;10;11
41;10;11
42;10;11
43;10;11
44;10;12
45;10;13
46;12;12
47;11;13
48;11;11
49;11;11
50;11;11
51;11;14
52;11;15
53;12;17
54;13;17
55;13;17
56;12;21
57;13;20
58;14;20
59;15;20
60;14;20
61;16;20
62;16;21
63;15;21
64;10;17
65;11;12
66;10;11
67;9;10
68;9;10
69;9;10
70;9;11
71;9;13
72;11;14
73;13;14
74;13;14
75;13;14
76;14;16
77;14;17
78;16;17
79;16;17
80;16;18
81;16;18
82;16;17
83;15;18
84;16;17
85;16;18
86;17;18
87;18;18
88;18;18
89;18;19
90;18;19
91;18;19
92;18;19
93;18;18
94;18;18
95;18;18
96;18;18
97;18;18
98;18;18
99;18;18
100;18;18
101;18;18
102;18;18
103;18;18
104;18;18
105;18;18
106;18;18
107;18;18
108;18;18
109;18;18
110;18;18
111;18;18
112;18;18
113;18;18
114;18;18
115;18;18
116;18;18
117;18;18
118;18;18
119;18;18
120;18;18
121;18;18
122;18;18
123;18;18
124;18;18
125;18;18
126;16;18
127;13;16
128;10;14
129;6;11
130;4;6
131;4;5
132;2;4
133;2;2
134;1;3
135;1;5
136;0;6
137;0;8
138;2;10
139;4;10
140;5;10
141;3;12
142;6;11
143;7;12
144;10;12
145;9;12
146;11;13
147;11;14
148;11;13
149;11;14
150;13;14
151;12;13
152;12;12
153;12;12
154;12;12
155;12;13
156;12;13
157;13;13
158;12;13
159;12;12
160;12;12
161;12;14
162;12;13
163;12;12
164;12;13
165;12;13
166;12;12
167;12;13
168;12;12
169;12;13
170;12;15
171;13;13
172;12;13
173;12;13
174;12;12
175;12;13
176;14;14
177;14;14
178;14;14
179;14;15
180;14;16
181;16;17
182;16;17
183;17;17
184;17;17
185;17;17
186;17;17
187;17;17
188;17;17
189;15;17
190;10;16
191;9;11
192;6;9
193;6;7
194;6;6
195;6;8
196;6;6
197;6;6
198;6;8
199;6;8
200;6;8
201;7;9
202;7;10
203;8;11
204;9;14
205;11;15
206;11;15
207;14;17
208;14;17
209;15;17
210;14;17
211;15;17
212;14;18
213;16;18
214;17;18
215;17;19
216;17;20
217;18;20
218;18;20
219;18;20
220;19;19
221;18;19
222;18;18
223;18;18
224;18;18
225;18;18
226;18;18
227;18;18
228;18;18
229;18;18
230;18;18
231;18;18
232;18;18
233;18;18
234;18;18
235;18;18
236;18;18
237;18;18
238;18;18
239;18;18
240;18;18
241;18;18
242;18;18
243;18;18
244;18;18
245;18;18
246;18;18
247;18;18
248;18;18
249;18;18
250;18;18
251;18;18
252;14;18
253;12;15
254;7;12
255;6;9
256;3;6
257;3;4
258;0;3
259;0;0
260;0;0
261;0;2
262;0;4
263;0;4
264;0;7
265;2;10
266;5;11
267;5;12
268;5;12
269;6;12
270;8;12
271;10;12
272;9;12
273;10;12
274;11;12
275;12;12
276;12;12
277;12;12
278;12;12
279;12;12
280;12;12
281;12;12
282;12;12
283;12;12
284;12;12
285;12;12
286;12;12
287;12;12
288;12;12
289;12;12
290;12;12
291;12;12
292;12;12
293;12;13
294;12;13
295;12;12
296;11;12
297;11;12
298;11;12
299;11;12
300;10;12
301;12;12
302;12;13
303;13;13
304;13;14
305;14;14
306;14;15
307;15;15
308;15;15
309;15;16
310;16;16
311;16;16
312;16;17
313;17;17
314;17;17
315;11;18
316;11;14
317;8;12
318;7;8
319;6;7
320;6;6
321;6;6
322;6;6
323;6;6
324;6;8
325;6;12
326;6;12
327;7;13
328;9;15
329;10;17
330;13;17
331;13;17
332;13;18
333;16;18
334;18;18
335;18;18
336;18;18
337;18;18
338;18;18
339;18;18
340;18;18
341;18;19
342;19;19
343;18;19
344;18;19
345;18;20
346;19;19
347;19;20
348;18;20
349;18;19
350;18;19
351;18;18
352;18;18
353;18;18
354;18;18
355;18;18
356;18;18
357;18;18
358;18;18
359;17;18
360;17;18
361;17;18
362;17;18
363;18;18
364;18;18
365;17;18
366;18;18
367;18;18
368;18;18
369;18;18
370;18;18
371;18;18
372;18;18
373;18;18
374;18;18
375;18;18
376;18;18
377;18;18
378;15;18
379;9;15
380;5;9
381;4;6
382;2;6
383;2;3
384;0;2
385;0;0
386;0;0
387;0;4
388;0;5
389;0;5
390;0;8
391;4;8
392;4;12
393;7;13
394;8;13
395;8;13
396;10;13
397;11;13
398;11;14
399;11;12
400;11;12
401;11;12
402;12;13
403;12;12
404;12;12
405;12;14
406;13;13
407;12;15
408;13;13
409;12;13
410;12;12
411;12;12
412;12;12
413;12;12
414;12;12
415;12;12
416;12;12
417;12;12
418;12;12
419;12;12
420;12;12
421;12;12
422;12;12
423;12;12
424;12;12
425;12;12
426;12;12
427;12;12
428;13;13
429;13;15
430;13;16
431;14;15
432;14;15
433;14;15
434;14;17
435;15;17
436;15;18
437;16;18
438;16;18
439;16;18
440;17;18
441;16;18
442;11;17
443;10;12
444;8;12
445;8;9
446;7;8
447;6;8
448;7;7
449;7;7
450;7;8
451;8;12
452;9;13
453;9;14
454;11;16
455;13;17
456;14;18
457;14;18
458;15;18
459;15;18
460;16;18
461;17;18
462;18;18
463;18;18
464;18;18
465;18;18
466;18;18
467;18;18
468;18;18
469;18;18
470;18;18
471;18;18
472;18;18
473;18;18
474;18;18
475;18;18
476;18;18
477;18;18
478;18;18
479;18;18
480;18;18
481;18;18
482;18;18
483;18;18
484;18;18
485;18;18
486;18;18
487;18;18
488;18;18
489;18;18
490;18;18
491;18;18
492;18;18
493;18;18
494;18;18
495;18;18
496;18;18
497;18;18
498;18;18
499;18;18
500;18;18
501;18;18
502;18;18
503;18;18
504;17;18
505;11;17
506;6;11
507;7;7
508;5;7
509;4;5
510;2;4
511;2;2
512;2;2
513;0;3
514;0;6
515;0;6
516;0;7
517;0;9
518;2;9
519;3;10
520;5;13
521;7;12
522;9;12
523;11;13
524;12;12
525;12;12
526;12;12
527;12;12
528;12;12
529;12;12
530;12;12
531;12;13
532;13;14
533;12;14
534;12;13
535;12;15
536;13;14
537;12;13
538;12;12
539;12;12
540;12;12
541;12;13
542;12;12
543;12;12
544;12;12
545;11;12
546;12;12
547;12;13
548;13;13
549;12;13
550;12;12
551;12;12
552;12;13
553;12;12
554;13;14
555;13;14
556;13;14
557;13;17
558;15;17
559;15;17
560;16;17
561;17;17
562;17;17
563;17;17
564;17;17
565;17;17
566;17;18
567;11;18
568;9;12
569;6;9
570;7;7
571;6;7
572;6;6
573;6;6
574;6;6
575;6;6
576;6;8
577;6;9
578;7;11
579;9;13
580;9;13
581;9;13
582;9;14
583;10;17
584;13;17
585;15;17
586;15;17
587;16;17
588;16;18
589;16;18
590;16;18
591;16;18
592;17;18
593;17;18
594;17;18
595;17;18
596;17;18
597;17;18
598;18;19
599;18;19
600;18;19
601;18;19
602;18;18
603;18;18
604;18;18
605;18;18
606;18;18
607;18;18
608;18;18
609;18;18
610;18;18
611;18;18
612;18;18
613;18;18
614;18;18
615;18;18
616;18;18
617;18;18
618;18;18
619;18;18
620;18;18
621;18;18
622;18;18
623;18;18
624;18;18
625;18;18
626;18;18
627;18;18
628;18;18
629;18;18
630;14;18
631;10;14
632;9;12
633;4;9
634;4;5
635;2;4
636;1;2
637;0;1
638;0;0
639;0;6
640;0;6
641;0;8
642;1;11
643;3;12
644;5;12
645;5;13
646;7;14
647;7;12
648;11;12
649;11;12
650;10;12
651;12;12
652;12;13
653;12;14
654;13;14
655;13;13
656;12;13
657;12;12
658;12;12
659;12;12
660;12;12
661;12;13
662;13;13
663;12;13
664;12;13
665;13;14
666;12;13
667;12;12
668;12;13
669;12;13
670;12;13
671;12;12
672;12;12
673;12;12
674;12;12
675;12;12
676;12;12
677;12;13
678;13;13
679;12;13
680;12;12
681;12;13
682;12;13
683;12;13
684;12;14
685;12;16
686;12;16
687;12;17
688;13;16
689;13;17
690;14;17
691;14;17
692;15;18
693;15;18
694;9;16
695;9;10
696;5;11
697;7;7
698;7;8
699;7;8
700;7;7
701;7;7
702;7;10
703;7;10
704;7;11
705;7;12
706;9;14
707;10;15
708;11;16
709;13;17
710;14;17
711;15;17
712;17;18
713;17;18
714;18;18
715;18;18
716;18;18
717;18;18
718;18;18
719;18;18
720;18;18
721;18;18
722;18;18
723;18;19
724;18;18
725;18;18
726;18;18
727;18;18
728;18;18
729;18;18
730;18;18
731;18;18
732;18;18
733;18;18
734;18;18
735;18;18
736;18;18
737;18;18
738;18;18
739;18;18
740;18;18
741;18;18
742;18;18
743;18;18
744;18;18
745;18;18
746;18;18
747;18;18
748;18;18
749;18;18
750;18;18
751;18;18
752;18;18
753;18;18
754;18;18
755;18;18
756;18;18
757;11;18
758;7;11
759;3;8
760;3;7
761;2;4
762;0;2
763;1;1
764;0;1
765;0;3
766;1;7
767;0;7
768;0;9
769;3;11
770;4;12
771;5;12
772;5;13
773;7;12
774;7;13
775;10;13
776;11;13
777;12;12
778;12;12
779;12;12
780;12;12
781;12;12
782;12;13
783;13;13
784;12;13
785;13;13
786;12;13
787;12;14
788;13;15
789;13;14
790;12;14
791;12;13
792;12;12
793;12;13
794;12;13
795;12;13
796;13;13
797;12;13
798;12;13
799;13;13
800;13;13
801;13;13
802;13;15
803;13;14
804;13;13
805;13;13
806;14;15
807;13;15
808;13;15
809;13;15
810;13;15
811;13;15
812;13;16
813;14;16
814;14;16
815;14;17
816;15;18
817;18;18
818;18;18
819;15;18
820;12;15
821;10;12
822;7;10
823;7;7
824;6;7
825;6;6
826;6;7
827;7;7
828;7;9
829;9;10
830;9;11
831;9;13
832;12;14
833;12;16
834;14;16
835;14;16
836;14;17
837;13;17
838;16;18
839;16;18
840;16;18
841;16;18
842;17;18
843;17;18
844;17;18
845;17;18
846;17;18
847;17;18
848;17;18
849;18;18
850;18;18
851;18;18
852;18;18
853;18;18
854;18;18
855;18;18
856;18;18
857;18;18
858;18;18
859;18;18
860;18;18
861;18;18
862;18;18
863;18;18
864;18;18
865;18;18
866;18;18
867;18;18
868;18;18
869;18;18
870;18;18
871;18;18
872;18;18
873;18;18
874;18;18
875;18;18
876;18;18
877;18;18
878;18;18
879;18;18
880;18;18
881;18;18
882;16;18
883;12;16
884;8;12
885;8;9
886;5;9
887;2;6
888;1;2
889;0;1
890;0;0
891;0;3
892;0;8
893;0;8
894;2;9
895;1;13
896;4;12
897;5;13
898;6;12
899;8;12
900;9;13
901;12;12
902;12;13
903;12;13
904;12;12
905;12;14
906;12;13
907;12;13
908;12;13
909;12;13
910;12;14
911;12;13
912;12;13
913;12;12
914;12;14
915;12;15
916;12;13
917;12;15
918;12;14
919;13;14
920;12;14
921;12;13
922;13;13
923;12;13
924;12;12
925;12;13
926;12;13
927;12;13
928;12;12
929;12;12
930;12;12
931;12;13
932;13;14
933;12;17
934;13;18
935;14;18
936;14;20
937;15;19
938;15;19
939;16;19
940;17;19
941;17;20
942;18;20
943;19;20
944;19;20
945;15;21
946;12;16
947;10;12
948;10;10
949;9;11
950;10;10
951;10;10
952;10;10
953;10;10
954;10;11
955;10;13
956;10;13
957;10;14
958;11;15
959;12;15
960;12;16
961;13;17
962;13;18
963;15;17
964;15;18
965;17;18
966;17;18
967;18;18
968;18;18
969;18;18
970;18;18
971;18;18
972;18;18
973;18;18
974;18;18
975;18;18
976;18;18
977;18;18
978;18;18
979;18;18
980;18;18
981;18;18
982;18;18
983;18;18
984;18;18
985;18;18
986;18;18
987;18;18
988;18;18
989;18;18
990;18;18
991;18;18
992;18;18
993;18;18
994;18;18
995;18;18
996;18;18
997;18;18
998;18;18
999;18;18
1000;18;18
1001;18;18
1002;18;18
1003;18;18
1004;18;18
1005;18;18
1006;18;18
1007;18;18
1008;14;18
1009;11;14
1010;8;11
1011;5;9
1012;3;7
1013;1;5
1014;1;3
1015;1;2
1016;1;2
1017;0;5
1018;0;6
1019;0;8
1020;2;11
1021;5;12
1022;5;13
1023;5;12
1024;6;13
1025;6;13
1026;9;15
1027;10;13
1028;12;13
1029;12;13
1030;12;13
1031;12;14
1032;12;12
1033;12;14
1034;12;13
1035;12;15
1036;12;14
1037;13;13
1038;12;13
1039;12;13
1040;13;13
1041;12;13
1042;12;13
1043;13;13
1044;12;13
1045;12;12
1046;12;13
1047;13;13
1048;13;13
1049;12;13
1050;12;13
1051;12;12
1052;12;13
1053;12;12
1054;12;12
1055;12;12
1056;12;12
1057;12;13
1058;13;13
1059;13;15
1060;14;17
1061;15;17
1062;15;16
1063;14;18
1064;16;18
1065;16;18
1066;17;18
1067;16;18
1068;17;18
1069;18;18
1070;18;18
1071;15;18
1072;10;15
1073;8;10
1074;8;9
1075;7;8
1076;7;7
1077;6;7
1078;6;6
1079;6;6
1080;6;10
1081;6;11
1082;8;11
1083;8;13
1084;11;14
1085;12;15
1086;13;16
1087;14;18
1088;15;18
1089;18;18
1090;18;18
1091;18;18
1092;18;18
1093;18;18
1094;18;18
1095;18;18
1096;18;18
1097;18;18
1098;18;18
1099;18;18
1100;18;18
1101;18;18
1102;18;18
1103;18;18
1104;18;18
1105;18;18
1106;18;18
1107;18;18
1108;18;18
1109;18;18
1110;18;18
1111;18;18
1112;18;18
1113;18;18
1114;18;18
1115;16;18
1116;17;18
1117;16;18
1118;18;18
1119;18;18
1120;18;18
1121;18;18
1122;18;18
1123;18;18
1124;18;18
1125;18;18
1126;18;18
1127;18;18
1128;18;18
1129;18;18
1130;18;18
1131;18;18
1132;18;18
1133;18;18
1134;14;18
1135;12;14
1136;10;12
1137;4;10
1138;3;7
1139;2;4
1140;0;3
1141;0;1
1142;0;1
1143;0;3
1144;0;6
1145;0;7
1146;1;10
1147;4;10
1148;6;12
1149;7;11
1150;7;13
1151;8;12
1152;9;12
1153;9;13
1154;12;13
1155;12;13
1156;11;14
1157;11;13
1158;11;12
1159;11;13
1160;10;12
1161;12;14
1162;13;14
1163;12;14
1164;12;13
1165;12;12
1166;12;13
1167;12;13
1168;12;12
1169;12;12
1170;12;12
1171;12;12
1172;12;13
1173;12;12
1174;12;12
1175;12;12
1176;12;12
1177;12;13
1178;12;12
1179;12;13
1180;12;15
1181;12;13
1182;12;12
1183;12;13
1184;12;13
1185;12;13
1186;12;15
1187;12;14
1188;12;15
1189;13;15
1190;13;16
1191;13;17
1192;14;17
1193;16;17
1194;16;17
1195;16;17
1196;17;17
1197;12;17
1198;9;13
1199;6;9
1200;5;6
1201;5;6
1202;6;7
1203;7;7
1204;7;7
1205;7;7
1206;7;9
1207;7;11
1208;8;12
1209;8;13
1210;9;13
1211;9;14
1212;10;15
1213;12;15
1214;12;17
1215;15;17
1216;16;17
1217;17;17
1218;16;17
1219;17;17
1220;17;18
1221;17;18
1222;17;18
1223;17;18
1224;17;18
1225;17;18
1226;17;18
1227;17;19
1228;17;19
1229;17;19
1230;18;19
1231;18;18
1232;18;18
1233;18;18
1234;18;18
1235;18;18
1236;18;18
1237;18;18
1238;18;18
1239;18;18
1240;18;18
1241;18;18
1242;18;18
1243;18;18
1244;18;18
1245;18;18
1246;18;18
1247;18;18
1248;18;18
1249;18;18
1250;18;18
1251;18;18
1252;18;18
1253;18;18
1254;18;18
1255;18;18
1256;18;18
1257;18;18
1258;18;18
1259;18;18
1260;17;18
1261;12;17
1262;9;12
1263;4;10
1264;5;7
1265;3;5
1266;1;3
1267;1;1
1268;0;2
1269;0;5
1270;0;6
1271;0;9
1272;3;10
1273;4;12
1274;7;12
1275;7;12
1276;7;13
1277;7;13
1278;9;13
1279;13;13
1280;11;13
1281;11;12
1282;10;12
1283;11;12
1284;12;13
1285;12;13
1286;12;12
1287;12;13
1288;12;12
1289;12;13
1290;13;14
1291;13;15
1292;12;14
1293;12;13
1294;12;13
1295;12;14
1296;12;12
1297;12;12
1298;12;12
1299;12;12
1300;12;12
1301;12;13
1302;12;12
1303;12;12
1304;12;12
1305;12;13
1306;12;12
1307;12;12
1308;12;12
1309;12;12
1310;12;13
1311;12;14
1312;12;15
1313;13;16
1314;14;16
1315;14;16
1316;14;17
1317;14;17
1318;14;16
1319;13;17
1320;14;17
1321;15;17
1322;15;17
1323;14;18
1324;10;15
1325;8;11
1326;7;9
1327;7;7
1328;6;7
1329;6;6
1330;6;6
1331;6;7
1332;6;7
1333;7;11
1334;8;11
1335;8;12
1336;8;13
1337;10;13
1338;10;14
1339;11;16
1340;13;17
1341;14;18
1342;16;18
1343;17;18
1344;17;18
1345;17;18
1346;17;18
1347;17;18
1348;18;18
1349;18;20
1350;19;20
1351;19;20
1352;18;20
1353;18;19
1354;18;19
1355;18;19
1356;18;19
1357;18;18
1358;18;18
1359;18;18
1360;18;18
1361;18;18
1362;18;18
1363;18;18
1364;18;18
1365;18;18
1366;18;18
1367;18;18
1368;18;18
1369;18;18
1370;18;18
1371;18;18
1372;18;18
1373;18;18
1374;18;18
1375;18;18
1376;18;18
1377;18;18
1378;18;18
1379;18;18
1380;18;18
1381;18;18
1382;18;18
1383;18;18
1384;18;18
1385;18;18
1386;18;18
1387;11;18
1388;9;11
1389;6;11
1390;3;7
1391;3;4
1392;2;3
1393;1;2
1394;1;1
1395;0;4
1396;0;4
1397;0;5
1398;0;9
1399;5;10
1400;7;10
1401;7;14
1402;4;14
1403;8;15
1404;8;13
1405;8;13
1406;11;12
1407;11;12
1408;12;13
1409;12;13
1410;12;14
1411;12;13
1412;12;12
1413;12;12
1414;12;13
1415;12;13
1416;12;14
1417;12;14
1418;12;13
1419;12;12
1420;12;12
1421;12;12
1422;12;13
1423;12;12
1424;12;12
1425;12;12
1426;12;13
1427;12;12
1428;12;12
1429;12;13
1430;13;13
1431;12;13
1432;12;13
1433;12;12
1434;12;12
1435;12;13
1436;12;15
1437;12;16
1438;13;18
1439;13;17
1440;13;18
1441;13;18
1442;14;19
1443;16;19
1444;16;19
1445;16;19
1446;18;19
1447;19;19
1448;19;20
1449;18;20
1450;13;18
1451;12;14
1452;11;14
1453;9;12
1454;9;10
1455;9;10
1456;9;9
1457;9;9
1458;9;9
1459;9;12
1460;9;12
1461;9;15
1462;11;17
1463;14;17
1464;14;18
1465;14;18
1466;15;17
1467;13;18
1468;17;17
1469;16;18
1470;18;18
1471;18;18
1472;18;18
1473;18;18
1474;18;18
1475;18;18
1476;18;18
1477;18;18
1478;18;18
1479;18;18
1480;18;18
1481;18;18
1482;18;18
1483;18;19
1484;18;19
1485;18;18
1486;18;18
1487;18;18
1488;18;18
1489;18;18
1490;18;18
1491;18;18
1492;18;18
1493;18;18
1494;18;18
1495;18;18
1496;18;18
1497;18;18
1498;18;18
1499;18;18
1500;18;18
1501;18;18
1502;18;18
1503;18;18
1504;18;18
1505;18;18
1506;18;18
1507;18;18
1508;18;18
1509;18;18
1510;18;18
1511;18;18
1512;13;18
1513;10;13
1514;6;11
1515;4;6
1516;2;5
1517;1;2
1518;1;1
1519;0;1
1520;0;0
1521;0;3
1522;0;6
1523;0;6
1524;0;7
1525;2;9
1526;3;11
1527;4;10
1528;4;14
1529;8;13
1530;9;14
1531;11;14
1532;12;14
1533;12;13
1534;12;12
1535;12;12
1536;12;13
1537;12;13
1538;12;12
1539;12;13
1540;12;14
1541;12;14
1542;12;13
1543;13;13
1544;12;14
1545;13;14
1546;13;14
1547;12;13
1548;12;12
1549;12;12
1550;12;13
1551;12;12
1552;12;12
1553;12;12
1554;12;13
1555;12;12
1556;12;12
1557;12;13
1558;12;13
1559;12;13
1560;12;12
1561;12;12
1562;12;12
1563;12;15
1564;12;15
1565;12;16
1566;13;15
1567;13;16
1568;14;16
1569;14;17
1570;16;17
1571;16;17
1572;16;17
1573;17;17
1574;17;17
1575;17;17
1576;12;17
1577;11;12
1578;9;11
1579;5;9
1580;7;7
1581;6;8
1582;6;7
1583;6;6
1584;6;9
1585;6;9
1586;6;10
1587;7;12
1588;10;13
1589;11;14
1590;12;14
1591;12;15
1592;13;16
1593;16;17
1594;17;17
1595;16;17
1596;17;17
1597;17;17
1598;17;18
1599;17;18
1600;17;18
1601;17;18
1602;17;18
1603;17;18
1604;17;18
1605;17;18
1606;17;18
1607;17;18
1608;18;18
1609;18;19
1610;19;19
1611;18;19
1612;18;18
1613;18;18
1614;18;18
1615;18;18
1616;18;18
1617;18;18
1618;18;18
1619;18;18
1620;18;18
1621;18;18
1622;18;18
1623;18;18
1624;18;18
1625;18;18
1626;18;18
1627;18;18
1628;18;18
1629;18;18
1630;18;18
1631;18;18
1632;18;18
1633;18;18
1634;18;18
1635;18;18
1636;18;18
1637;18;18
1638;16;18
1639;11;16
1640;8;11
1641;7;10
1642;4;8
1643;1;4
1644;1;2
1645;0;2
1646;0;2
1647;0;0
1648;0;5
1649;0;5
1650;0;9
1651;2;11
1652;3;12
1653;6;12
1654;7;12
1655;7;11
1656;6;11
1657;11;13
1658;12;12
1659;12;13
1660;12;13
1661;12;13
1662;12;13
1663;12;12
1664;12;13
1665;12;12
1666;12;12
1667;12;12
1668;12;12
1669;12;13
1670;13;13
1671;12;13
1672;12;12
1673;12;12
1674;12;13
1675;12;12
1676;12;13
1677;12;12
1678;12;12
1679;12;12
1680;12;12
1681;12;12
1682;12;12
1683;12;12
1684;12;13
1685;12;12
1686;12;12
1687;12;12
1688;12;14
1689;12;15
1690;13;16
1691;13;16
1692;14;17
1693;14;17
1694;14;17
1695;13;16
1696;12;16
1697;15;17
1698;17;17
1699;17;17
1700;17;17
1701;14;18
1702;12;15
1703;12;13
1704;8;12
1705;8;9
1706;6;8
1707;6;6
1708;6;6
1709;6;7
1710;6;8
1711;6;10
1712;7;11
1713;8;12
1714;8;14
1715;11;15
1716;12;17
1717;13;18
1718;15;18
1719;15;18
1720;17;18
1721;17;18
1722;17;18
1723;17;18
1724;17;18
1725;17;18
1726;17;18
1727;18;18
1728;18;18
1729;18;18
1730;18;18
1731;18;18
1732;18;18
1733;18;18
1734;18;18
1735;18;18
1736;18;18
1737;18;18
1738;18;18
1739;18;18
1740;18;18
1741;18;18
1742;18;18
1743;18;18
1744;18;18
1745;18;18
1746;18;18
1747;18;18
1748;18;18
1749;18;18
1750;18;18
1751;18;18
1752;18;18
1753;18;18
1754;18;18
1755;18;18
1756;18;18
1757;18;18
1758;18;18
1759;18;18
1760;18;18
1761;18;18
1762;18;18
1763;18;18
1764;12;18
1765;10;13
1766;9;11
1767;3;9
1768;2;3
1769;3;3
1770;2;3
1771;2;2
1772;2;2
1773;1;5
1774;1;6
1775;0;7
1776;0;7
1777;2;9
1778;3;10
1779;5;10
1780;6;11
1781;7;13
1782;11;13
1783;11;12
1784;12;12
1785;12;12
1786;11;13
1787;12;12
1788;12;12
1789;12;14
1790;11;12
1791;11;14
1792;12;13
1793;12;12
1794;12;12
1795;12;12
1796;12;13
1797;12;12
1798;12;12
1799;12;12
1800;12;12
1801;12;12
1802;12;12
1803;12;12
1804;12;13
1805;12;12
1806;12;12
1807;12;13
1808;12;12
1809;12;14
1810;12;13
1811;12;13
1812;13;15
1813;13;14
1814;12;13
1815;12;14
1816;13;14
1817;12;16
1818;12;15
1819;13;16
1820;12;16
1821;13;16
1822;14;17
1823;15;17
1824;16;17
1825;16;17
1826;15;17
1827;14;17
1828;10;15
1829;9;13
1830;9;11
1831;7;9
1832;6;8
1833;7;7
1834;7;7
1835;7;8
1836;7;12
1837;8;12
1838;8;13
1839;9;14
1840;11;15
1841;12;17
1842;12;18
1843;14;18
1844;15;18
1845;17;18
1846;18;18
1847;18;18
1848;18;18
1849;18;18
1850;18;18
1851;18;18
1852;18;18
1853;18;18
1854;18;18
1855;18;18
1856;18;18
1857;18;18
1858;18;18
1859;18;18
1860;18;18
1861;18;18
1862;18;18
1863;18;18
1864;18;18
1865;18;18
1866;18;18
1867;18;18
1868;18;18
1869;18;18
1870;18;18
1871;18;18
1872;18;18
1873;18;18
1874;18;18
1875;18;18
1876;18;18
1877;18;18
1878;18;18
1879;18;18
1880;18;18
1881;18;18
1882;18;18
1883;18;18
1884;18;18
1885;18;18
1886;18;18
1887;18;18
1888;18;18
1889;18;18
1890;15;18
1891;11;15
1892;8;12
1893;5;8
1894;3;6
1895;2;5
1896;1;2
1897;1;2
1898;1;2
1899;1;3
1900;0;8
1901;0;5
1902;0;7
1903;2;9
1904;2;13
1905;6;12
1906;7;13
1907;6;12
1908;8;12
1909;12;13
1910;12;12
1911;12;13
1912;12;12
1913;12;12
1914;12;13
1915;12;13
1916;12;12
1917;12;12
1918;12;12
1919;12;14
1920;12;14
1921;13;15
1922;14;15
1923;12;14
1924;13;15
1925;12;14
1926;12;12
1927;12;12
1928;12;12
1929;12;13
1930;12;12
1931;12;12
1932;12;13
1933;13;13
1934;12;13
1935;13;14
1936;12;13
1937;12;12
1938;12;12
1939;12;12
1940;12;13
1941;12;14
1942;12;14
1943;12;15
1944;13;16
1945;14;17
1946;15;17
1947;14;17
1948;15;18
1949;16;19
1950;19;19
1951;19;19
1952;19;19
1953;17;19
1954;12;17
1955;12;13
1956;9;12
1957;8;9
1958;7;8
1959;7;7
1960;7;7
1961;7;7
1962;7;8
1963;7;10
1964;7;10
1965;7;12
1966;10;14
1967;12;14
1968;12;16
1969;13;16
1970;12;16
1971;11;17
1972;14;18
1973;15;18
1974;17;18
1975;17;18
1976;17;18
1977;17;18
1978;17;18
1979;16;18
1980;17;18
1981;18;18
1982;18;18
1983;18;18
1984;18;18
1985;18;18
1986;18;18
1987;18;18
1988;18;18
1989;18;18
1990;18;18
1991;18;18
1992;18;18
1993;18;18
1994;18;18
1995;18;18
1996;18;18
1997;18;18
1998;18;18
1999;18;18
2000;18;18
2001;18;18
2002;18;18
2003;18;18
2004;18;18
2005;18;18
2006;18;18
2007;18;18
2008;18;18
2009;18;18
2010;18;18
2011;18;18
2012;18;18
2013;18;18
2014;18;18
2015;18;18
2016;17;18
2017;10;17
2018;10;12
2019;4;11
2020;3;5
2021;2;3
2022;0;3
2023;0;0
2024;0;0
2025;0;2
2026;0;6
2027;0;7
2028;1;8
2029;2;13
2030;7;13
2031;8;14
2032;7;13
2033;8;14
2034;10;12
2035;11;12
2036;12;13
2037;12;13
2038;12;12
2039;12;12
2040;12;12
2041;12;13
2042;12;13
2043;13;13
2044;13;13
2045;12;13
2046;12;14
2047;13;14
2048;12;15
2049;12;13
2050;12;13
2051;12;12
2052;12;13
2053;12;14
2054;13;13
2055;12;14
2056;13;13
2057;12;13
2058;12;12
2059;12;12
2060;12;12
2061;12;13
2062;12;12
2063;12;12
2064;12;12
2065;12;13
2066;11;13
2067;10;13
2068;10;15
2069;11;15
2070;12;16
2071;12;16
2072;14;17
2073;15;17
2074;14;17
2075;15;17
2076;16;17
2077;16;17
2078;17;17
2079;13;17
2080;7;13
2081;7;9
2082;6;8
2083;5;7
2084;6;6
2085;6;6
2086;6;6
2087;6;6
2088;6;7
2089;6;10
2090;7;10
2091;8;10
2092;8;13
2093;10;14
2094;10;16
2095;14;17
2096;14;17
2097;16;17
2098;16;17
2099;16;17
2100;16;18
2101;16;18
2102;17;18
2103;17;18
2104;17;18
2105;17;18
2106;17;18
2107;17;18
2108;17;18
2109;17;18
2110;18;18
2111;18;18
2112;18;18
2113;18;18
2114;18;18
2115;18;18
2116;18;18
2117;18;18
2118;18;18
2119;18;18
2120;18;18
2121;18;18
2122;18;18
2123;18;18
2124;18;18
2125;18;18
2126;18;18
2127;18;18
2128;18;18
2129;18;18
2130;18;18
2131;18;18
2132;18;18
2133;18;18
2134;18;18
2135;18;18
2136;18;18
2137;18;18
2138;18;18
2139;18;18
2140;18;18
2141;18;18
2142;14;18
2143;10;15
2144;10;12
2145;7;10
2146;2;7
2147;2;3
2148;1;3
2149;1;2
2150;0;1
2151;0;4
2152;0;6
2153;0;8
2154;2;8
2155;3;12
2156;6;12
2157;7;12
2158;7;13
2159;7;12
2160;10;13
2161;10;13
2162;11;12
2163;11;13
2164;12;13
2165;12;13
2166;12;14
2167;12;12
2168;12;14
2169;12;14
2170;14;15
2171;15;16
2172;14;17
2173;13;16
2174;13;16
2175;14;14
2176;13;14
2177;12;13
2178;12;12
2179;12;12
2180;12;13
2181;12;13
2182;12;13
2183;12;15
2184;12;12
2185;12;12
2186;12;13
2187;12;12
2188;12;13
2189;12;12
2190;12;12
2191;12;12
2192;13;13
2193;13;14
2194;12;15
2195;13;16
2196;12;17
2197;13;17
2198;13;17
2199;14;17
2200;15;17
2201;15;18
2202;16;18
2203;17;18
2204;18;18
2205;11;18
2206;10;13
2207;8;11
2208;8;10
2209;8;9
2210;8;8
2211;8;8
2212;8;8
2213;8;8
2214;8;9
2215;9;9
2216;9;10
2217;10;11
2218;11;12
2219;12;14
2220;12;14
2221;12;15
2222;13;16
2223;13;17
2224;14;18
2225;15;18
2226;14;18
2227;15;18
2228;15;18
2229;14;18
2230;16;19
2231;17;20
2232;18;19
2233;18;19
2234;19;19
2235;18;19
2236;18;19
2237;18;19
2238;18;18
2239;18;18
2240;18;18
2241;18;18
2242;18;18
2243;18;18
2244;18;18
2245;18;18
2246;18;18
2247;18;18
2248;18;18
2249;18;18
2250;18;18
2251;18;18
2252;18;18
2253;18;18
2254;18;18
2255;18;18
2256;18;18
2257;18;18
2258;18;18
2259;18;18
2260;18;18
2261;18;18
2262;18;18
2263;18;18
2264;18;18
2265;18;18
2266;18;18
2267;18;18
2268;18;18
2269;11;18
2270;10;12
2271;5;10
2272;5;7
2273;3;5
2274;0;4
2275;0;0
2276;0;0
2277;0;4
2278;1;6
2279;0;8
2280;3;11
2281;4;12
2282;7;11
2283;7;12
2284;7;12
2285;6;13
2286;7;12
2287;10;12
2288;11;12
2289;11;13
2290;12;12
2291;12;12
2292;12;13
2293;12;13
2294;12;12
2295;12;13
2296;12;12
2297;12;13
2298;12;12
2299;12;13
2300;12;14
2301;12;12
2302;12;12
2303;12;12
2304;12;12
2305;12;12
2306;12;12
2307;12;12
2308;12;12
2309;12;12
2310;12;13
2311;12;12
2312;12;13
2313;12;13
2314;12;12
2315;12;13
2316;12;13
2317;12;12
2318;12;12
2319;12;14
2320;12;13
2321;12;14
2322;13;15
2323;13;16
2324;14;16
2325;14;16
2326;14;16
2327;13;16
2328;15;16
2329;15;16
2330;15;17
2331;10;17
2332;10;13
2333;8;11
2334;6;8
2335;6;7
2336;5;6
2337;5;5
2338;5;6
2339;6;6
2340;6;6
2341;6;9
2342;6;9
2343;6;10
2344;7;11
2345;8;13
2346;10;14
2347;10;16
2348;12;18
2349;14;18
2350;16;18
2351;16;18
2352;17;18
2353;17;18
2354;17;18
2355;16;18
2356;17;17
2357;17;18
2358;18;18
2359;18;18
2360;18;18
2361;18;19
2362;18;19
2363;18;19
2364;18;19
2365;18;18
2366;18;18
2367;18;18
2368;18;18
2369;18;18
2370;18;18
2371;18;18
2372;18;18
2373;18;18
2374;18;18
2375;18;18
2376;18;18
2377;18;18
2378;18;18
2379;17;18
2380;18;18
2381;18;18
2382;18;18
2383;18;18
2384;18;18
2385;18;18
2386;18;18
2387;18;18
2388;18;18
2389;18;18
2390;18;18
2391;18;18
2392;18;18
2393;18;18
2394;11;18
2395;11;12
2396;7;11
2397;1;7
2398;4;4
2399;0;4
2400;0;1
2401;0;0
2402;0;0
2403;0;4
2404;0;5
2405;0;6
2406;0;9
2407;2;10
2408;4;9
2409;4;14
2410;8;13
2411;8;15
2412;10;15
2413;11;12
2414;12;13
2415;13;14
2416;12;14
2417;12;13
2418;12;12
2419;12;14
2420;12;12
2421;12;12
2422;12;13
2423;12;12
2424;12;12
2425;12;13
2426;12;14
2427;12;13
2428;12;12
2429;12;12
2430;12;12
2431;12;12
2432;12;12
2433;12;13
2434;12;12
2435;12;12
2436;12;14
2437;12;12
2438;12;12
2439;12;13
2440;12;12
2441;12;12
2442;12;12
2443;12;13
2444;12;12
2445;13;14
2446;13;15
2447;14;16
2448;14;16
2449;15;16
2450;15;16
2451;15;16
2452;15;16
2453;16;16
2454;16;16
2455;16;16
2456;16;16
2457;10;16
2458;8;10
2459;6;8
2460;5;7
2461;5;5
2462;4;6
2463;5;6
2464;6;6
2465;6;6
2466;6;9
2467;6;9
2468;6;10
2469;7;11
2470;8;11
2471;7;12
2472;9;14
2473;11;14
2474;11;16
2475;12;16
2476;15;17
2477;16;18
2478;17;18
2479;17;18
2480;17;18
2481;16;18
2482;17;18
2483;17;18
2484;18;18
2485;18;18
2486;18;18
2487;18;18
2488;18;18
2489;18;18
2490;18;18
2491;18;18
2492;18;18
2493;18;18
2494;18;18
2495;18;18
2496;18;18
2497;18;18
2498;18;18
2499;18;18
2500;18;18
2501;18;18
2502;18;18
2503;18;18
2504;18;18
2505;18;18
2506;18;18
2507;18;18
2508;18;18
2509;18;18
2510;18;18
2511;18;18
2512;18;18
2513;18;18
2514;18;18
2515;18;18
2516;18;18
2517;18;18
2518;18;18
2519;18;18
2520;13;18
2521;9;14
2522;6;10
2523;3;7
2524;2;3
2525;0;3
2526;0;1
2527;0;0
2528;0;1
2529;0;5
2530;0;7
2531;0;8
2532;3;11
2533;6;12
2534;6;11
2535;4;13
2536;5;12
2537;5;12
2538;9;13
2539;12;12
2540;11;13
2541;11;13
2542;11;13
2543;12;12
2544;12;13
2545;12;12
2546;12;12
2547;12;13
2548;12;12
2549;12;12
2550;12;13
2551;12;13
2552;12;13
2553;12;12
2554;12;13
2555;12;13
2556;12;12
2557;12;12
2558;12;12
2559;12;13
2560;12;13
2561;12;13
2562;12;12
2563;12;13
2564;12;12
2565;12;13
2566;12;13
2567;12;13
2568;12;12
2569;12;12
2570;12;12
2571;12;13
2572;12;14
2573;12;15
2574;12;15
2575;13;15
2576;13;15
2577;13;16
2578;14;16
2579;14;16
2580;14;16
2581;14;16
2582;15;16
2583;10;16
2584;9;11
2585;7;11
2586;7;8
2587;5;7
2588;5;5
2589;5;6
2590;6;6
2591;6;6
2592;6;9
2593;7;10
2594;7;13
2595;9;13
2596;9;15
2597;12;15
2598;12;17
2599;10;17
2600;13;16
2601;15;17
2602;16;17
2603;17;17
2604;17;17
2605;17;17
2606;17;17
2607;17;17
2608;17;18
2609;17;18
2610;17;18
2611;17;18
2612;17;18
2613;17;18
2614;17;18
2615;17;18
2616;17;18
2617;17;18
2618;18;18
2619;18;18
2620;18;18
2621;18;18
2622;18;18
2623;18;18
2624;18;18
2625;18;18
2626;18;18
2627;18;18
2628;18;18
2629;18;18
2630;18;18
2631;18;18
2632;18;18
2633;18;18
2634;18;18
2635;18;18
2636;18;18
2637;18;18
2638;18;18
2639;18;18
2640;18;18
2641;18;18
2642;18;18
2643;18;18
2644;18;18
2645;18;18
2646;16;18
2647;11;16
2648;10;11
2649;6;10
2650;6;7
2651;5;7
2652;0;5
2653;0;0
2654;0;1
2655;0;6
2656;0;6
2657;1;8
2658;0;9
2659;2;10
2660;4;12
2661;8;13
2662;7;12
2663;8;12
2664;10;12
2665;12;13
2666;12;14
2667;13;14
2668;12;15
2669;13;15
2670;13;14
2671;12;13
2672;12;13
2673;12;13
2674;12;13
2675;12;12
2676;12;12
2677;12;13
2678;12;13
2679;12;13
2680;12;12
2681;12;12
2682;12;12
2683;12;12
2684;12;13
2685;12;13
2686;12;13
2687;12;13
2688;12;12
2689;12;12
2690;12;12
2691;12;12
2692;12;12
2693;12;12
2694;12;13
2695;13;13
2696;13;15
2697;13;14
2698;13;15
2699;13;15
2700;13;16
2701;13;17
2702;15;17
2703;14;17
2704;15;17
2705;15;17
2706;15;17
2707;15;17
2708;17;17
2709;8;17
2710;9;11
2711;8;11
2712;6;9
2713;5;6
2714;5;5
2715;5;5
2716;5;5
2717;5;5
2718;5;5
2719;5;8
2720;5;8
2721;5;8
2722;5;11
2723;7;11
2724;8;13
2725;10;13
2726;10;15
2727;12;16
2728;16;16
2729;16;17
2730;17;17
2731;17;17
2732;17;17
2733;17;18
2734;18;18
2735;18;18
2736;18;18
2737;18;18
2738;18;18
2739;18;18
2740;18;18
2741;18;18
2742;18;18
2743;18;18
2744;18;18
2745;18;18
2746;18;18
2747;18;18
2748;18;18
2749;18;18
2750;18;18
2751;18;18
2752;18;18
2753;18;18
2754;18;18
2755;18;18
2756;18;18
2757;18;18
2758;18;18
2759;18;18
2760;18;18
2761;18;18
2762;18;18
2763;18;18
2764;18;18
2765;18;18
2766;18;18
2767;18;18
2768;18;18
2769;18;18
2770;18;18
2771;18;18
2772;17;18
2773;11;17
2774;10;12
2775;6;10
2776;4;6
2777;3;6
2778;0;4
2779;0;0
2780;0;1
2781;0;6
2782;0;6
2783;0;6
2784;1;9
2785;5;11
2786;6;12
2787;7;13
2788;8;14
2789;9;14
2790;11;14
2791;11;13
2792;12;12
2793;12;12
2794;12;12
2795;12;12
2796;12;12
2797;12;12
2798;11;12
2799;12;12
2800;12;12
2801;12;12
2802;12;13
2803;12;14
2804;12;13
2805;12;13
2806;12;12
2807;12;12
2808;12;13
2809;12;13
2810;12;14
2811;13;14
2812;12;13
2813;12;12
2814;12;13
2815;12;13
2816;13;14
2817;13;13
2818;13;13
2819;13;14
2820;12;14
2821;12;12
2822;12;15
2823;12;13
2824;12;13
2825;12;14
2826;12;15
2827;13;16
2828;13;15
2829;13;17
2830;14;17
2831;15;17
2832;15;17
2833;16;17
2834;16;17
2835;14;18
2836;12;16
2837;10;13
2838;7;10
2839;7;8
2840;6;8
2841;7;8
2842;8;8
2843;8;8
2844;8;9
2845;8;11
2846;8;11
2847;8;13
2848;8;15
2849;12;15
2850;12;17
2851;15;17
2852;15;18
2853;17;18
2854;18;18
2855;18;18
2856;18;18
2857;18;18
2858;18;18
2859;18;18
2860;18;18
2861;18;18
2862;18;18
2863;18;18
2864;18;18
2865;18;18
2866;18;18
2867;18;18
2868;18;18
2869;18;18
2870;18;18
2871;18;18
2872;18;18
2873;18;18
2874;18;18
2875;18;18
2876;18;18
2877;18;18
2878;18;18
2879;17;18
2880;17;18
2881;18;18
2882;18;18
2883;18;18
2884;18;18
2885;18;18
2886;18;18
2887;18;18
2888;18;18
2889;18;18
2890;18;18
2891;18;18
2892;18;18
2893;18;18
2894;18;18
2895;18;18
2896;18;18
2897;18;18
2898;15;18
2899;11;16
2900;6;11
2901;5;7
2902;3;8
2903;2;5
2904;2;2
2905;1;3
2906;1;1
2907;1;4
2908;1;8
2909;0;6
2910;1;10
2911;5;13
2912;6;14
2913;7;14
2914;8;14
2915;8;13
2916;7;13
2917;11;14
2918;12;12
2919;11;12
2920;12;12
2921;12;12
2922;12;12
2923;12;12
2924;12;13
2925;12;12
2926;12;12
2927;12;12
2928;12;13
2929;12;15
2930;13;16
2931;14;15
2932;13;15
2933;12;13
2934;13;13
2935;12;13
2936;12;12
2937;12;13
2938;12;12
2939;12;13
2940;13;13
2941;12;14
2942;12;13
2943;12;13
2944;12;12
2945;12;13
2946;12;13
2947;12;13
2948;12;12
2949;12;13
2950;12;14
2951;13;17
2952;13;17
2953;14;17
2954;14;17
2955;14;17
2956;15;18
2957;16;18
2958;16;18
2959;16;18
2960;16;18
2961;13;18
2962;11;14
2963;9;13
2964;8;10
2965;7;8
2966;6;7
2967;6;6
2968;6;6
2969;6;6
2970;6;6
2971;6;9
2972;6;9
2973;6;11
2974;9;12
2975;10;14
2976;12;16
2977;13;16
2978;14;16
2979;14;16
2980;15;17
2981;17;17
2982;17;17
2983;16;17
2984;17;17
2985;17;18
2986;18;18
2987;18;18
2988;18;19
2989;18;19
2990;18;18
2991;18;18
2992;18;18
2993;18;18
2994;18;18
2995;18;18
2996;18;18
2997;18;18
2998;18;18
2999;18;18
3000;18;18
3001;18;18
3002;18;18
3003;18;18
3004;18;18
3005;18;18
3006;18;18
3007;18;18
3008;18;18
3009;18;18
3010;18;18
3011;18;18
3012;18;18
3013;18;18
3014;18;18
3015;18;18
3016;18;18
3017;18;18
3018;18;18
3019;18;18
3020;18;18
3021;18;18
3022;18;18
3023;18;18
3024;13;18
3025;9;14
3026;10;11
3027;7;10
3028;4;7
3029;2;4
3030;1;2
3031;0;2
3032;0;2
3033;0;2
3034;0;4
3035;0;5
3036;0;9
3037;5;11
3038;5;11
3039;6;13
3040;7;14
3041;9;12
3042;9;13
3043;10;12
3044;12;12
3045;11;14
3046;12;12
3047;12;13
3048;12;13
3049;11;13
3050;12;13
3051;12;13
3052;12;15
3053;12;15
3054;12;16
3055;13;15
3056;12;13
3057;12;13
3058;12;13
3059;13;13
3060;12;13
3061;12;13
3062;13;13
3063;12;13
3064;12;12
3065;12;13
3066;12;13
3067;12;13
3068;12;12
3069;12;13
3070;12;14
3071;12;14
3072;13;14
3073;13;13
3074;13;14
3075;13;15
3076;13;15
3077;13;15
3078;14;16
3079;14;17
3080;15;17
3081;15;17
3082;15;17
3083;16;17
3084;16;17
3085;16;18
3086;17;18
3087;16;18
3088;11;17
3089;9;13
3090;6;10
3091;7;8
3092;6;8
3093;6;6
3094;6;7
3095;7;8
3096;7;10
3097;8;12
3098;9;12
3099;10;15
3100;13;15
3101;13;17
3102;15;17
3103;15;18
3104;16;18
3105;17;18
3106;18;18
3107;18;18
3108;18;18
3109;18;18
3110;18;18
3111;18;18
3112;18;18
3113;18;18
3114;18;18
3115;18;18
3116;18;18
3117;18;18
3118;18;18
3119;18;19
3120;19;19
3121;18;19
3122;18;18
3123;18;18
3124;18;18
3125;18;18
3126;18;18
3127;18;18
3128;18;18
3129;18;18
3130;18;18
3131;18;18
3132;18;18
3133;18;18
3134;18;18
3135;18;18
3136;18;18
3137;18;18
3138;18;18
3139;18;18
3140;18;18
3141;18;18
3142;18;18
3143;18;18
3144;18;18
3145;18;18
3146;18;18
3147;18;18
3148;18;18
3149;18;18
3150;16;18
3151;11;16
3152;9;11
3153;6;10
3154;4;7
3155;2;6
3156;0;4
3157;0;1
3158;0;0
3159;0;1
3160;0;4
3161;0;6
3162;0;8
3163;2;9
3164;4;10
3165;6;12
3166;8;13
3167;8;11
3168;7;12
3169;11;14
3170;12;14
3171;12;14
3172;13;13
3173;12;14
3174;12;13
3175;12;12
3176;11;13
3177;12;13
3178;11;12
3179;12;12
3180;12;13
3181;12;14
3182;12;13
3183;12;14
3184;13;14
3185;12;13
3186;12;12
3187;12;12
3188;12;12
3189;12;12
3190;12;13
3191;12;13
3192;12;13
3193;12;13
3194;12;15
3195;12;14
3196;13;14
3197;12;14
3198;12;12
3199;12;12
3200;12;13
3201;12;15
3202;12;16
3203;14;16
3204;14;18
3205;13;18
3206;15;17
3207;16;18
3208;17;18
3209;17;18
3210;18;18
3211;17;18
3212;18;19
3213;16;19
3214;13;16
3215;11;14
3216;10;12
3217;8;10
3218;8;8
3219;7;8
3220;7;8
3221;8;8
3222;8;9
3223;8;11
3224;8;11
3225;8;12
3226;9;13
3227;11;14
3228;12;15
3229;13;17
3230;15;17
3231;15;17
3232;15;17
3233;16;17
3234;16;17
3235;16;18
3236;16;18
3237;16;18
3238;16;18
3239;17;19
3240;17;19
3241;17;18
3242;17;18
3243;17;18
3244;18;18
3245;18;18
3246;18;18
3247;18;18
3248;18;18
3249;18;18
3250;18;18
3251;18;18
3252;18;18
3253;18;18
3254;18;18
3255;18;18
3256;18;18
3257;18;18
3258;18;18
3259;18;18
3260;18;18
3261;18;18
3262;18;18
3263;18;18
3264;18;18
3265;18;18
3266;18;18
3267;18;18
3268;18;18
3269;18;18
3270;18;18
3271;18;18
3272;18;18
3273;18;18
3274;18;18
3275;18;18
3276;12;18
3277;9;14
3278;7;10
3279;5;7
3280;3;6
3281;2;4
3282;1;3
3283;0;1
3284;0;0
3285;0;3
3286;0;4
3287;0;5
3288;1;9
3289;3;9
3290;3;11
3291;7;13
3292;7;13
3293;8;13
3294;10;13
3295;11;14
3296;11;13
3297;11;14
3298;11;13
3299;11;13
3300;12;13
3301;12;12
3302;12;14
3303;12;13
3304;12;13
3305;12;13
3306;12;12
3307;12;12
3308;12;15
3309;12;14
3310;12;15
3311;12;13
3312;12;12
3313;12;13
3314;12;13
3315;12;13
3316;12;13
3317;12;12
3318;12;12
3319;12;12
3320;12;13
3321;12;12
3322;12;12
3323;12;12
3324;12;13
3325;12;13
3326;12;12
3327;12;13
3328;12;14
3329;12;14
3330;13;15
3331;13;17
3332;14;17
3333;15;17
3334;16;17
3335;16;17
3336;16;17
3337;16;17
3338;16;17
3339;14;17
3340;9;15
3341;7;10
3342;8;8
3343;7;9
3344;7;8
3345;7;7
3346;6;7
3347;6;7
3348;6;9
3349;6;9
3350;6;10
3351;6;11
3352;8;11
3353;8;13
3354;9;14
3355;11;15
3356;12;17
3357;14;17
3358;17;17
3359;17;17
3360;17;18
3361;17;18
3362;17;18
3363;17;18
3364;17;18
3365;17;18
3366;17;18
3367;17;18
3368;17;18
3369;17;18
3370;17;18
3371;17;18
3372;18;18
3373;18;18
3374;18;18
3375;18;18
3376;18;18
3377;18;18
3378;18;18
3379;18;18
3380;18;18
3381;18;18
3382;18;18
3383;18;18
3384;18;18
3385;18;18
3386;18;18
3387;18;18
3388;18;18
3389;18;18
3390;18;18
3391;18;18
3392;18;18
3393;18;18
3394;18;18
3395;18;18
3396;18;18
3397;18;18
3398;18;18
3399;18;18
3400;18;18
3401;18;18
3402;13;18
3403;10;14
3404;9;10
3405;7;9
3406;4;7
3407;3;4
3408;2;3
3409;0;2
3410;0;1
3411;1;3
3412;0;6
3413;0;8
3414;4;10
3415;5;10
3416;5;11
3417;6;12
3418;7;12
3419;7;12
3420;8;12
3421;12;12
3422;12;12
3423;12;12
3424;12;13
3425;12;13
3426;12;13
3427;12;12
3428;12;12
3429;12;12
3430;12;13
3431;12;13
3432;13;13
3433;13;13
3434;13;13
3435;12;13
3436;12;13
3437;12;12
3438;12;13
3439;12;12
3440;12;12
3441;12;12
3442;12;12
3443;12;12
3444;12;12
3445;12;12
3446;12;12
3447;12;12
3448;12;12
3449;12;12
3450;12;12
3451;12;12
3452;12;13
3453;12;13
3454;11;13
3455;9;12
3456;11;13
3457;11;15
3458;12;13
3459;11;16
3460;14;16
3461;14;16
3462;14;16
3463;14;16
3464;15;16
3465;12;16
3466;9;13
3467;6;10
3468;8;8
3469;5;9
3470;5;6
3471;5;5
3472;5;5
3473;5;5
3474;5;7
3475;5;9
3476;5;11
3477;7;12
3478;7;13
3479;9;13
3480;9;15
3481;11;15
3482;12;16
3483;13;17
3484;15;18
3485;18;18
3486;18;18
3487;18;18
3488;18;18
3489;18;18
3490;18;18
3491;18;18
3492;18;19
3493;19;19
3494;18;19
3495;18;18
3496;18;18
3497;18;18
3498;18;18
3499;18;18
3500;18;19
3501;18;19
3502;18;18
3503;18;18
3504;18;18
3505;18;18
3506;18;18
3507;18;18
3508;17;18
3509;18;18
3510;17;18
3511;18;18
3512;18;18
3513;18;18
3514;18;18
3515;18;18
3516;18;18
3517;18;18
3518;18;18
3519;18;18
3520;18;18
3521;18;18
3522;18;18
3523;18;18
3524;18;18
3525;18;18
3526;18;18
3527;18;18
3528;14;18
3529;10;14
3530;8;11
3531;7;9
3532;4;7
3533;2;4
3534;1;2
3535;0;1
3536;0;0
3537;0;3
3538;0;5
3539;1;6
3540;3;8
3541;5;10
3542;7;10
3543;8;12
3544;10;12
3545;9;13
3546;11;13
3547;11;12
3548;12;12
3549;12;12
3550;12;13
3551;12;13
3552;12;14
3553;13;14
3554;14;14
3555;12;14
3556;12;13
3557;12;12
3558;12;13
3559;12;12
3560;12;12
3561;12;13
3562;12;12
3563;12;13
3564;12;12
3565;12;12
3566;12;13
3567;12;13
3568;12;12
3569;12;12
3570;12;12
3571;12;12
3572;12;13
3573;12;12
3574;12;13
3575;12;12
3576;12;12
3577;12;14
3578;13;15
3579;13;15
3580;13;15
3581;13;16
3582;14;16
3583;14;17
3584;15;17
3585;14;18
3586;14;18
3587;15;18
3588;16;18
3589;16;18
3590;16;18
3591;16;18
3592;11;18
3593;11;14
3594;10;13
3595;8;11
3596;7;8
3597;7;8
3598;8;8
3599;8;8
3600;8;11
3601;10;11
3602;10;13
3603;11;14
3604;12;17
3605;15;17
3606;17;18
3607;18;18
3608;18;18
3609;18;18
3610;18;18
3611;18;18
3612;18;18
3613;18;18
3614;18;18
3615;18;18
3616;18;18
3617;18;18
3618;18;18
3619;18;19
3620;19;19
3621;19;19
3622;18;19
3623;18;19
3624;19;19
3625;19;20
3626;19;20
3627;19;21
3628;19;20
3629;19;19
3630;18;19
3631;18;18
3632;18;18
3633;18;18
3634;18;18
3635;18;18
3636;18;18
3637;18;18
3638;18;18
3639;18;18
3640;18;18
3641;19;19
3642;19;19
3643;19;19
3644;19;19
3645;19;19
3646;19;19
3647;19;19
3648;19;19
3649;19;19
3650;19;19
3651;19;19
3652;19;19
3653;19;19
3654;15;19
3655;11;15
3656;12;13
3657;6;13
3658;6;8
3659;3;6
3660;2;3
3661;1;2
3662;1;1
3663;1;2
3664;1;6
3665;1;6
3666;1;8
3667;1;10
3668;4;11
3669;7;11
3670;6;13
3671;7;13
3672;8;15
3673;11;13
3674;11;13
3675;11;12
3676;11;12
3677;11;13
3678;11;12
3679;12;13
3680;12;13
3681;12;12
3682;12;13
3683;12;12
3684;12;14
3685;12;14
3686;12;13
3687;13;14
3688;12;14
3689;13;14
3690;12;15
3691;12;13
3692;12;13
3693;13;14
3694;12;13
3695;12;13
3696;12;12
3697;12;12
3698;12;14
3699;12;13
3700;12;14
3701;13;14
3702;13;13
3703;12;14
3704;12;12
3705;12;13
3706;12;15
3707;13;15
3708;13;17
3709;14;17
3710;13;18
3711;15;18
3712;16;18
3713;16;18
3714;16;19
3715;17;19
3716;18;19
3717;15;19
3718;12;16
3719;11;13
3720;9;11
3721;8;9
3722;7;8
3723;7;8
3724;7;8
3725;8;9
3726;9;10
3727;10;11
3728;10;11
3729;10;12
3730;11;12
3731;11;13
3732;12;14
3733;12;16
3734;14;16
3735;14;17
3736;16;17
3737;16;17
3738;16;17
3739;16;17
3740;16;17
3741;16;17
3742;17;17
3743;17;17
3744;17;17
3745;17;17
3746;17;17
3747;17;18
3748;17;18
3749;17;18
3750;17;18
3751;17;18
3752;17;18
3753;17;18
3754;17;18
3755;17;18
3756;17;18
3757;17;18
3758;18;18
3759;18;18
3760;18;18
3761;18;18
3762;18;18
3763;18;18
3764;18;18
3765;18;18
3766;18;18
3767;18;18
3768;18;18
3769;18;18
3770;18;18
3771;18;18
3772;18;18
3773;18;18
3774;18;18
3775;18;18
3776;18;18
3777;18;18
3778;18;18
3779;18;18
3780;13;18
3781;11;13
3782;9;11
3783;7;9
3784;4;7
3785;2;4
3786;2;3
3787;0;3
3788;0;1
3789;0;3
3790;0;6
3791;0;7
3792;0;8
3793;2;10
3794;6;10
3795;7;13
3796;8;13
3797;8;13
3798;9;12
3799;12;12
3800;11;13
3801;12;12
3802;12;12
3803;12;12
3804;12;13
3805;12;13
3806;12;13
3807;12;13
3808;12;12
3809;12;12
3810;12;14
3811;12;12
3812;12;12
3813;12;12
3814;12;14
3815;12;13
3816;12;14
3817;12;12
3818;12;12
3819;12;14
3820;12;12
3821;12;12
3822;12;12
3823;12;14
3824;12;13
3825;12;15
3826;15;15
3827;13;15
3828;13;13
3829;12;14
3830;13;15
3831;13;15
3832;13;16
3833;13;16
3834;14;16
3835;14;17
3836;15;17
3837;15;18
3838;16;18
3839;17;18
3840;17;18
3841;17;18
3842;17;18
3843;15;18
3844;10;15
3845;9;10
3846;7;10
3847;6;8
3848;6;6
3849;6;6
3850;6;6
3851;6;7
3852;6;11
3853;8;12
3854;9;12
3855;9;14
3856;12;14
3857;12;15
3858;13;15
3859;12;16
3860;14;17
3861;16;16
3862;16;17
3863;17;17
3864;17;17
3865;17;17
3866;17;17
3867;17;17
3868;17;18
3869;18;18
3870;18;18
3871;18;18
3872;18;18
3873;18;18
3874;18;18
3875;18;18
3876;18;18
3877;18;18
3878;18;18
3879;18;18
3880;18;18
3881;18;18
3882;18;18
3883;18;18
3884;18;18
3885;18;18
3886;18;18
3887;18;18
3888;18;18
3889;18;18
3890;18;18
3891;18;18
3892;18;18
3893;18;18
3894;18;18
3895;18;18
3896;18;18
3897;18;18
3898;18;18
3899;18;18
3900;18;18
3901;18;18
3902;18;18
3903;18;18
3904;18;18
3905;18;18
3906;15;18
3907;10;15
3908;9;12
3909;6;10
3910;5;6
3911;2;5
3912;3;3
3913;2;4
3914;1;3
3915;1;4
3916;0;7
3917;0;8
3918;1;8
3919;1;12
3920;4;13
3921;6;12
3922;7;13
3923;6;12
3924;10;13
3925;12;12
3926;11;12
3927;12;13
3928;12;12
3929;12;13
3930;13;14
3931;13;15
3932;12;15
3933;13;13
3934;12;13
3935;12;12
3936;12;12
3937;12;12
3938;12;12
3939;12;14
3940;12;14
3941;12;13
3942;12;12
3943;12;12
3944;12;13
3945;12;12
3946;12;12
3947;12;14
3948;12;12
3949;12;12
3950;12;12
3951;12;12
3952;12;13
3953;12;12
3954;12;12
3955;12;12
3956;12;14
3957;12;16
3958;12;16
3959;12;18
3960;13;16
3961;13;17
3962;14;18
3963;15;18
3964;16;18
3965;17;18
3966;17;18
3967;17;18
3968;18;19
3969;17;19
3970;13;17
3971;11;14
3972;8;11
3973;7;8
3974;7;7
3975;7;7
3976;7;7
3977;7;8
3978;7;10
3979;8;12
3980;9;12
3981;9;12
3982;9;14
3983;12;14
3984;12;15
3985;13;16
3986;14;16
3987;14;18
3988;17;18
3989;18;18
3990;18;18
3991;18;18
3992;18;18
3993;18;18
3994;18;18
3995;18;18
3996;18;18
3997;18;18
3998;18;18
3999;18;18
4000;18;18
4001;18;19
4002;18;19
4003;18;19
4004;18;19
4005;18;18
4006;18;18
4007;18;18
4008;18;18
4009;18;18
4010;18;18
4011;18;18
4012;18;18
4013;17;18
4014;18;18
4015;18;18
4016;18;18
4017;18;18
4018;18;18
4019;18;18
4020;18;18
4021;18;18
4022;18;18
4023;18;18
4024;18;18
4025;18;18
4026;18;18
4027;18;18
4028;18;18
4029;18;18
4030;18;18
4031;18;18
4032;14;18
4033;12;14
4034;9;12
4035;6;9
4036;4;6
4037;3;5
4038;2;3
4039;1;2
4040;1;1
4041;0;2
4042;0;7
4043;0;7
4044;0;8
4045;2;11
4046;4;12
4047;5;13
4048;6;15
4049;8;13
4050;8;13
4051;7;14
4052;11;13
4053;11;13
4054;12;13
4055;12;12
4056;12;12
4057;12;13
4058;13;13
4059;12;14
4060;12;13
4061;12;15
4062;14;15
4063;13;14
4064;12;13
4065;12;12
4066;12;12
4067;12;12
4068;12;12
4069;12;12
4070;12;12
4071;12;13
4072;12;12
4073;12;12
4074;12;12
4075;12;13
4076;13;14
4077;12;13
4078;12;13
4079;12;13
4080;12;13
4081;12;13
4082;12;13
4083;12;14
4084;12;17
4085;12;15
4086;12;16
4087;14;17
4088;14;17
4089;15;18
4090;14;18
4091;15;18
4092;16;18
4093;18;18
4094;17;18
4095;14;18
4096;9;15
4097;8;11
4098;10;10
4099;8;10
4100;7;9
4101;8;8
4102;8;8
4103;8;8
4104;8;10
4105;8;11
4106;8;11
4107;8;13
4108;10;15
4109;11;16
4110;13;17
4111;15;18
4112;16;18
4113;16;18
4114;18;18
4115;18;18
4116;18;18
4117;18;18
4118;18;18
4119;18;18
4120;18;18
4121;18;18
4122;18;18
4123;18;18
4124;18;18
4125;18;18
4126;18;19
4127;18;18
4128;18;18
4129;18;18
4130;18;18
4131;18;18
4132;18;18
4133;18;18
4134;18;18
4135;18;18
4136;18;18
4137;18;18
4138;18;18
4139;18;18
4140;18;18
4141;18;18
4142;18;18
4143;18;18
4144;18;18
4145;18;18
4146;18;18
4147;18;18
4148;18;18
4149;18;18
4150;18;18
4151;18;18
4152;18;18
4153;18;18
4154;18;18
4155;18;18
4156;18;18
4157;18;18
4158;15;18
4159;11;15
4160;8;11
4161;4;8
4162;2;5
4163;0;3
4164;0;1
4165;0;0
4166;0;1
4167;0;5
4168;0;6
4169;0;7
4170;1;9
4171;3;9
4172;3;11
4173;6;13
4174;8;13
4175;8;14
4176;8;13
4177;11;13
4178;11;13
4179;13;13
4180;12;14
4181;13;13
4182;12;14
4183;14;14
4184;13;15
4185;14;14
4186;14;14
4187;13;14
4188;13;13
4189;12;13
4190;12;12
4191;12;12
4192;12;12
4193;12;12
4194;12;12
4195;12;12
4196;12;12
4197;12;12
4198;12;12
4199;12;12
4200;12;12
4201;12;12
4202;12;12
4203;12;12
4204;12;12
4205;12;12
4206;12;12
4207;12;12
4208;12;15
4209;12;16
4210;13;15
4211;13;15
4212;12;16
4213;14;17
4214;15;18
4215;16;18
4216;15;18
4217;16;18
4218;17;17
4219;17;18
4220;17;18
4221;16;17
4222;9;17
4223;10;11
4224;7;10
4225;7;7
4226;7;7
4227;7;7
4228;6;8
4229;7;8
4230;7;10
4231;8;12
4232;9;12
4233;9;13
4234;9;15
4235;12;16
4236;13;18
4237;15;18
4238;15;18
4239;16;18
4240;16;18
4241;18;18
4242;18;18
4243;18;18
4244;18;18
4245;18;18
4246;18;18
4247;18;18
4248;18;18
4249;18;18
4250;18;18
4251;18;18
4252;18;18
4253;18;18
4254;18;18
4255;18;18
4256;18;18
4257;18;18
4258;18;18
4259;18;18
4260;18;18
4261;18;18
4262;18;18
4263;18;18
4264;18;18
4265;18;18
4266;18;18
4267;18;18
4268;18;18
4269;18;18
4270;18;18
4271;18;18
4272;18;18
4273;18;18
4274;18;18
4275;18;18
4276;18;18
4277;18;18
4278;18;18
4279;18;18
4280;18;18
4281;18;18
4282;18;18
4283;18;18
4284;15;18
4285;11;15
4286;9;11
4287;3;9
4288;3;5
4289;1;4
4290;0;1
4291;0;0
4292;0;1
4293;0;2
4294;0;6
4295;0;7
4296;0;9
4297;2;11
4298;4;12
4299;6;11
4300;6;13
4301;7;14
4302;8;16
4303;12;13
4304;11;13
4305;12;12
4306;12;14
4307;12;13
4308;12;12
4309;12;13
4310;12;13
4311;12;13
4312;13;15
4313;12;14
4314;13;13
4315;12;13
4316;12;12
4317;12;12
4318;12;12
4319;12;12
4320;12;12
4321;12;12
4322;12;12
4323;12;12
4324;12;12
4325;12;12
4326;12;12
4327;12;12
4328;12;12
4329;12;13
4330;13;13
4331;13;13
4332;13;13
4333;12;13
4334;12;12
4335;12;13
4336;12;13
4337;12;14
4338;12;15
4339;13;15
4340;13;15
4341;13;15
4342;14;17
4343;15;17
4344;16;17
4345;16;17
4346;16;17
4347;14;17
4348;8;15
4349;8;10
4350;6;9
4351;6;7
4352;6;7
4353;7;7
4354;7;7
4355;7;7
4356;7;8
4357;7;10
4358;7;11
4359;8;13
4360;9;14
4361;11;15
4362;12;16
4363;13;18
4364;16;18
4365;15;18
4366;17;17
4367;17;18
4368;18;18
4369;18;18
4370;18;18
4371;18;18
4372;18;18
4373;18;18
4374;18;18
4375;18;19
4376;18;18
4377;18;18
4378;18;18
4379;18;18
4380;18;18
4381;18;18
4382;18;18
4383;18;18
4384;18;18
4385;18;18
4386;18;18
4387;18;18
4388;18;18
4389;18;18
4390;18;18
4391;18;18
4392;18;18
4393;18;18
4394;18;18
4395;18;18
4396;18;18
4397;18;18
4398;18;18
4399;18;18
4400;18;18
4401;18;18
4402;18;18
4403;18;18
4404;18;18
4405;18;18
4406;18;18
4407;18;18
4408;18;18
4409;18;18
4410;15;18
4411;10;15
4412;11;11
4413;7;11
4414;6;7
4415;3;6
4416;1;3
4417;1;2
4418;0;2
4419;0;3
4420;0;5
4421;0;6
4422;0;10
4423;4;11
4424;4;12
4425;6;12
4426;7;12
4427;7;12
4428;8;14
4429;10;14
4430;10;12
4431;11;13
4432;11;14
4433;12;14
4434;12;13
4435;12;12
4436;12;13
4437;12;13
4438;12;13
4439;12;13
4440;12;13
4441;12;12
4442;12;12
4443;12;13
4444;12;13
4445;12;12
4446;12;12
4447;12;12
4448;12;12
4449;12;12
4450;12;12
4451;12;12
4452;12;12
4453;12;12
4454;11;12
4455;11;13
4456;11;12
4457;10;13
4458;10;12
4459;11;13
4460;11;13
4461;12;14
4462;12;15
4463;12;16
4464;12;15
4465;13;16
4466;14;17
4467;15;17
4468;14;17
4469;15;17
4470;15;18
4471;16;17
4472;14;17
4473;16;17
4474;10;16
4475;8;11
4476;8;9
4477;5;8
4478;5;6
4479;5;5
4480;5;5
4481;5;5
4482;5;8
4483;5;9
4484;5;11
4485;8;12
4486;8;13
4487;10;14
4488;12;17
4489;14;17
4490;14;18
4491;16;18
4492;15;18
4493;15;17
4494;16;18
4495;17;18
4496;17;18
4497;17;18
4498;18;18
4499;18;19
4500;19;19
4501;18;19
4502;18;18
4503;18;18
4504;18;19
4505;19;20
4506;18;20
4507;18;19
4508;19;19
4509;18;19
4510;19;19
4511;18;19
4512;18;18
4513;18;18
4514;18;18
4515;18;18
4516;18;18
4517;18;18
4518;18;18
4519;18;18
4520;18;18
4521;18;18
4522;18;18
4523;18;19
4524;18;19
4525;18;19
4526;18;19
4527;18;19
4528;18;19
4529;18;19
4530;18;19
4531;18;19
4532;19;19
4533;19;19
4534;19;19
4535;19;19
4536;12;19
4537;10;12
4538;5;10
4539;6;7
4540;4;7
4541;3;4
4542;1;3
4543;1;1
4544;1;1
4545;1;2
4546;2;7
4547;2;8
4548;2;10
4549;4;11
4550;6;13
4551;10;14
4552;9;15
4553;11;14
4554;10;14
4555;12;13
4556;12;13
4557;12;13
4558;13;13
4559;12;13
4560;12;13
4561;12;12
4562;12;12
4563;12;13
4564;12;12
4565;12;12
4566;12;13
4567;12;12
4568;12;13
4569;12;12
4570;12;12
4571;12;12
4572;12;12
4573;12;13
4574;12;13
4575;12;14
4576;12;13
4577;12;13
4578;12;12
4579;12;13
4580;12;13
4581;12;13
4582;12;13
4583;12;13
4584;12;13
4585;12;12
4586;12;13
4587;12;14
4588;12;14
4589;12;15
4590;13;17
4591;14;17
4592;14;17
4593;13;17
4594;14;17
4595;16;17
4596;16;17
4597;16;17
4598;16;17
4599;10;17
4600;12;12
4601;10;12
4602;8;10
4603;8;8
4604;6;8
4605;5;7
4606;6;6
4607;6;6
4608;6;9
4609;6;9
4610;6;10
4611;7;11
4612;7;13
4613;10;13
4614;10;15
4615;13;16
4616;13;17
4617;17;17
4618;17;18
4619;18;18
4620;18;18
4621;18;18
4622;18;18
4623;18;18
4624;18;18
4625;18;18
4626;18;18
4627;18;18
4628;18;18
4629;18;18
4630;18;18
4631;18;18
4632;18;18
4633;18;18
4634;18;19
4635;19;19
4636;18;19
4637;18;18
4638;18;18
4639;18;18
4640;18;18
4641;18;18
4642;18;18
4643;18;18
4644;18;18
4645;18;18
4646;18;18
4647;18;18
4648;18;18
4649;18;18
4650;18;18
4651;18;18
4652;18;18
4653;18;18
4654;18;18
4655;18;18
4656;18;18
4657;18;18
4658;18;18
4659;18;18
4660;18;18
4661;18;18
4662;13;18
4663;10;14
4664;10;12
4665;5;10
4666;4;5
4667;1;4
4668;1;1
4669;1;1
4670;1;1
4671;0;6
4672;0;5
4673;0;6
4674;0;8
4675;3;9
4676;3;10
4677;5;11
4678;6;12
4679;6;12
4680;11;13
4681;12;14
4682;13;13
4683;12;15
4684;11;13
4685;12;13
4686;12;13
4687;12;12
4688;12;12
4689;12;13
4690;12;14
4691;13;13
4692;12;14
4693;12;13
4694;12;13
4695;12;13
4696;12;12
4697;12;13
4698;13;13
4699;13;13
4700;13;15
4701;13;15
4702;12;13
4703;12;12
4704;12;12
4705;12;13
4706;12;13
4707;12;13
4708;12;12
4709;12;12
4710;12;13
4711;13;13
4712;14;18
4713;14;17
4714;14;17
4715;14;18
4716;14;17
4717;15;17
4718;15;17
4719;15;19
4720;17;19
4721;18;19
4722;19;19
4723;19;19
4724;19;19
4725;16;19
4726;14;17
4727;12;14
4728;11;12
4729;8;11
4730;8;8
4731;7;8
4732;7;7
4733;7;8
4734;8;8
4735;8;11
4736;9;13
4737;10;15
4738;11;17
4739;14;17
4740;15;17
4741;14;17
4742;14;18
4743;15;18
4744;16;18
4745;17;18
4746;18;18
4747;18;18
4748;18;18
4749;18;18
4750;18;18
4751;18;18
4752;18;18
4753;18;18
4754;18;18
4755;18;18
4756;18;18
4757;18;18
4758;18;18
4759;18;18
4760;18;18
4761;18;18
4762;18;18
4763;18;18
4764;18;18
4765;18;18
4766;18;18
4767;18;18
4768;18;18
4769;18;18
4770;18;18
4771;18;18
4772;18;18
4773;18;18
4774;18;18
4775;18;18
4776;18;18
4777;18;18
4778;18;18
4779;18;18
4780;18;18
4781;18;18
4782;18;18
4783;18;18
4784;18;18
4785;18;18
4786;18;18
4787;18;18
4788;18;18
4789;12;18
4790;9;12
4791;6;9
4792;5;6
4793;2;5
4794;1;2
4795;0;1
4796;0;0
4797;0;2
4798;0;7
4799;2;7
4800;1;9
4801;2;9
4802;4;11
4803;4;12
4804;5;12
4805;6;13
4806;8;14
4807;11;12
4808;10;12
4809;11;12
4810;11;12
4811;11;13
4812;11;12
4813;11;13
4814;12;12
4815;12;15
4816;12;15
4817;12;14
4818;12;13
4819;12;12
4820;12;13
4821;12;13
4822;12;13
4823;12;13
4824;12;13
4825;12;13
4826;13;13
4827;13;13
4828;12;13
4829;12;12
4830;12;13
4831;13;13
4832;12;13
4833;12;12
4834;12;12
4835;12;12
4836;12;13
4837;12;12
4838;12;15
4839;14;16
4840;13;17
4841;13;17
4842;12;17
4843;13;17
4844;13;17
4845;14;18
4846;14;18
4847;16;18
4848;16;18
4849;17;18
4850;18;18
4851;17;18
4852;11;17
4853;11;12
4854;9;11
4855;9;9
4856;7;10
4857;8;9
4858;9;9
4859;8;9
4860;8;8
4861;8;11
4862;8;11
4863;8;13
4864;10;14
4865;11;15
4866;12;17
4867;15;17
4868;14;17
4869;14;18
4870;18;18
4871;18;18
4872;18;18
4873;18;18
4874;17;18
4875;17;17
4876;17;18
4877;18;18
4878;18;18
4879;18;18
4880;18;18
4881;18;18
4882;18;18
4883;18;18
4884;18;18
4885;18;18
4886;18;18
4887;18;18
4888;18;18
4889;18;18
4890;18;18
4891;18;18
4892;18;18
4893;18;18
4894;18;18
4895;18;18
4896;18;18
4897;18;18
4898;18;18
4899;17;18
4900;17;18
4901;18;18
4902;18;18
4903;18;18
4904;17;18
4905;18;18
4906;18;18
4907;18;18
4908;18;18
4909;18;18
4910;18;18
4911;18;18
4912;18;18
4913;18;18
4914;15;18
4915;10;15
4916;9;12
4917;5;10
4918;3;5
4919;2;3
4920;1;4
4921;0;2
4922;1;1
4923;0;2
4924;0;6
4925;0;7
4926;1;8
4927;1;10
4928;3;12
4929;3;12
4930;5;13
4931;6;13
4932;7;13
4933;12;12
4934;11;12
4935;12;13
4936;12;13
4937;12;12
4938;12;13
4939;11;15
4940;12;13
4941;13;16
4942;12;15
4943;12;14
4944;13;14
4945;13;13
4946;13;14
4947;12;14
4948;12;13
4949;12;13
4950;13;13
4951;13;13
4952;12;14
4953;13;13
4954;12;13
4955;12;12
4956;12;12
4957;12;12
4958;12;12
4959;12;13
4960;12;13
4961;12;14
4962;12;13
4963;12;13
4964;12;15
4965;13;15
4966;13;16
4967;14;16
4968;14;16
4969;14;17
4970;14;18
4971;16;18
4972;16;18
4973;16;18
4974;16;18
4975;18;18
4976;18;18
4977;14;18
4978;9;14
4979;7;10
4980;6;8
4981;6;6
4982;6;6
4983;6;6
4984;6;6
4985;6;6
4986;6;8
4987;7;9
4988;7;9
4989;8;11
4990;10;11
4991;11;11
4992;11;13
4993;12;14
4994;12;16
4995;14;16
4996;14;17
4997;15;18
4998;15;18
4999;16;18
5000;16;18
5001;16;18
5002;16;18
5003;18;18
5004;18;18
5005;18;18
5006;18;18
5007;18;18
5008;18;18
5009;18;18
5010;18;18
5011;18;18
5012;18;18
5013;18;18
5014;18;18
5015;18;18
5016;18;18
5017;18;18
5018;18;18
5019;18;18
5020;18;18
5021;17;18
5022;18;18
5023;18;18
5024;18;18
5025;18;18
5026;17;18
5027;18;18
5028;18;18
5029;18;18
5030;18;18
5031;18;18
5032;18;18
5033;18;18
5034;18;18
5035;18;18
5036;18;18
5037;18;18
5038;18;18
5039;18;18
5040;13;18
5041;11;14
5042;9;12
5043;3;9
5044;2;4
5045;1;2
5046;0;1
5047;0;0
5048;0;0
5049;0;6
5050;1;7
5051;0;9
5052;2;11
5053;6;13
5054;7;14
5055;5;14
5056;8;13
5057;6;13
5058;9;12
5059;12;12
5060;10;12
5061;11;13
5062;12;13
5063;12;13
5064;12;12
5065;12;12
5066;12;13
5067;11;12
5068;12;13
5069;13;14
5070;12;13
5071;12;12
5072;12;12
5073;12;12
5074;12;13
5075;12;13
5076;12;12
5077;12;12
5078;12;12
5079;12;13
5080;12;12
5081;12;13
5082;12;12
5083;12;13
5084;13;13
5085;12;15
5086;12;13
5087;12;13
5088;12;13
5089;12;12
5090;12;14
5091;13;15
5092;12;15
5093;12;15
5094;14;16
5095;14;16
5096;15;16
5097;15;17
5098;15;17
5099;15;17
5100;14;17
5101;16;17
5102;16;17
5103;12;17
5104;10;15
5105;7;12
5106;6;10
5107;7;9
5108;6;8
5109;7;7
5110;7;8
5111;7;8
5112;7;10
5113;8;12
5114;8;12
5115;8;12
5116;8;15
5117;11;15
5118;11;17
5119;12;17
5120;13;17
5121;14;17
5122;16;17
5123;17;17
5124;17;18
5125;17;18
5126;18;18
5127;18;18
5128;18;19
5129;19;19
5130;18;19
5131;18;18
5132;18;18
5133;18;18
5134;18;19
5135;18;19
5136;18;18
5137;18;18
5138;18;18
5139;18;18
5140;18;18
5141;18;18
5142;18;18
5143;18;18
5144;18;18
5145;18;18
5146;18;18
5147;18;18
5148;18;18
5149;18;18
5150;18;18
5151;18;18
5152;18;18
5153;18;18
5154;18;18
5155;18;18
5156;18;18
5157;18;18
5158;18;18
5159;18;18
5160;18;18
5161;18;18
5162;18;18
5163;18;18
5164;18;18
5165;18;18
5166;13;18
5167;8;14
5168;7;10
5169;1;7
5170;1;3
5171;0;3
5172;0;1
5173;0;1
5174;0;1
5175;0;3
5176;0;5
5177;0;7
5178;2;9
5179;3;11
5180;4;12
5181;7;12
5182;6;13
5183;9;13
5184;8;13
5185;12;13
5186;12;13
5187;12;12
5188;12;12
5189;12;13
5190;12;12
5191;12;13
5192;13;14
5193;12;13
5194;12;12
5195;12;12
5196;12;13
5197;12;12
5198;12;13
5199;12;16
5200;13;14
5201;13;13
5202;12;13
5203;12;12
5204;12;12
5205;12;12
5206;12;12
5207;12;13
5208;13;14
5209;13;14
5210;13;14
5211;12;14
5212;13;13
5213;13;13
5214;12;13
5215;13;14
5216;13;16
5217;13;16
5218;13;17
5219;14;17
5220;15;18
5221;16;18
5222;16;19
5223;16;19
5224;17;19
5225;19;19
5226;19;20
5227;20;20
5228;20;20
5229;16;20
5230;14;17
5231;12;15
5232;11;12
5233;8;11
5234;8;8
5235;8;8
5236;8;8
5237;8;8
5238;8;10
5239;8;11
5240;8;13
5241;10;13
5242;10;17
5243;15;17
5244;15;17
5245;15;18
5246;14;18
5247;17;18
5248;17;18
5249;18;18
5250;18;18
5251;18;18
5252;18;18
5253;18;18
5254;18;18
5255;18;19
5256;18;19
5257;18;18
5258;18;18
5259;18;18
5260;18;18
5261;18;18
5262;18;19
5263;18;19
5264;18;18
5265;18;18
5266;18;18
5267;18;18
5268;18;18
5269;18;18
5270;18;18
5271;18;18
5272;18;18
5273;18;18
5274;18;18
5275;18;18
5276;18;18
5277;18;18
5278;18;18
5279;18;18
5280;18;18
5281;17;18
5282;17;18
5283;18;18
5284;18;18
5285;18;18
5286;18;18
5287;18;18
5288;18;18
5289;18;18
5290;18;18
5291;18;18
5292;15;18
5293;11;17
5294;8;12
5295;6;9
5296;2;6
5297;1;2
5298;0;1
5299;0;0
5300;0;1
5301;0;3
5302;0;5
5303;0;8
5304;1;9
5305;3;10
5306;6;10
5307;7;12
5308;9;12
5309;8;12
5310;9;12
5311;11;13
5312;11;14
5313;12;13
5314;11;13
5315;12;12
5316;12;12
5317;12;12
5318;12;12
5319;12;13
5320;12;12
5321;12;12
5322;12;12
5323;12;12
5324;12;13
5325;13;13
5326;12;13
5327;12;13
5328;12;13
5329;12;13
5330;12;12
5331;12;12
5332;12;12
5333;12;13
5334;12;12
5335;12;12
5336;12;13
5337;12;13
5338;12;13
5339;12;12
5340;12;13
5341;12;13
5342;12;14
5343;12;15
5344;12;15
5345;13;16
5346;14;17
5347;15;17
5348;15;17
5349;15;17
5350;14;17
5351;16;17
5352;17;17
5353;17;17
5354;17;17
5355;15;17
5356;10;15
5357;8;11
5358;8;11
5359;7;9
5360;7;7
5361;6;7
5362;6;7
5363;7;7
5364;7;7
5365;7;10
5366;7;10
5367;7;11
5368;8;12
5369;9;15
5370;11;16
5371;12;17
5372;12;18
5373;12;18
5374;16;18
5375;17;18
5376;17;18
5377;16;18
5378;18;18
5379;18;18
5380;18;18
5381;18;18
5382;18;18
5383;18;18
5384;18;18
5385;18;18
5386;18;18
5387;18;18
5388;18;18
5389;18;18
5390;18;18
5391;18;18
5392;18;18
5393;18;18
5394;18;18
5395;18;18
5396;18;18
5397;18;18
5398;18;18
5399;18;18
5400;18;18
5401;18;18
5402;18;18
5403;18;18
5404;18;18
5405;18;18
5406;18;18
5407;18;18
5408;18;18
5409;18;18
5410;18;18
5411;18;18
5412;18;18
5413;18;18
5414;18;18
5415;18;18
5416;18;18
5417;18;18
5418;16;18
5419;10;16
5420;10;11
5421;5;10
5422;4;6
5423;2;4
5424;2;2
5425;1;2
5426;1;1
5427;1;3
5428;1;6
5429;0;8
5430;3;8
5431;4;9
5432;5;11
5433;5;12
5434;6;12
5435;7;12
5436;9;12
5437;12;12
5438;12;12
5439;11;13
5440;12;12
5441;12;13
5442;12;14
5443;12;13
5444;13;13
5445;13;14
5446;12;15
5447;12;12
5448;12;15
5449;12;15
5450;12;13
5451;12;12
5452;12;12
5453;12;13
5454;13;13
5455;12;13
5456;13;13
5457;13;13
5458;13;13
5459;12;13
5460;12;12
5461;12;13
5462;12;13
5463;12;13
5464;12;12
5465;12;12
5466;12;13
5467;12;12
5468;12;13
5469;12;13
5470;12;13
5471;12;13
5472;12;13
5473;12;14
5474;13;15
5475;14;15
5476;14;17
5477;15;17
5478;15;17
5479;15;17
5480;15;17
5481;15;18
5482;10;18
5483;9;13
5484;7;11
5485;7;9
5486;6;8
5487;6;6
5488;6;6
5489;6;6
5490;6;7
5491;6;9
5492;6;9
5493;7;11
5494;9;14
5495;10;15
5496;13;16
5497;14;17
5498;15;17
5499;15;17
5500;16;18
5501;17;18
5502;17;18
5503;17;18
5504;18;18
5505;18;18
5506;18;18
5507;18;18
5508;18;18
5509;18;18
5510;18;18
5511;18;18
5512;18;19
5513;19;19
5514;19;19
5515;18;20
5516;19;19
5517;18;19
5518;18;18
5519;18;18
5520;18;18
5521;18;18
5522;18;18
5523;18;18
5524;18;18
5525;18;18
5526;18;18
5527;18;18
5528;18;18
5529;18;18
5530;18;18
5531;18;18
5532;18;18
5533;18;18
5534;18;18
5535;18;18
5536;18;18
5537;18;18
5538;18;18
5539;18;18
5540;18;18
5541;18;18
5542;18;18
5543;18;18
5544;10;18
5545;7;10
5546;10;12
5547;5;12
5548;2;5
5549;2;4
5550;0;2
5551;0;1
5552;0;0
5553;0;0
5554;0;6
5555;1;5
5556;0;6
5557;1;7
5558;4;9
5559;6;11
5560;7;12
5561;9;12
5562;8;12
5563;10;12
5564;9;13
5565;10;13
5566;10;13
5567;11;12
5568;11;12
5569;11;12
5570;12;15
5571;14;14
5572;12;14
5573;12;12
5574;12;13
5575;12;13
5576;12;15
5577;13;14
5578;13;14
5579;13;15
5580;12;13
5581;12;13
5582;12;13
5583;12;13
5584;12;13
5585;12;12
5586;12;13
5587;12;12
5588;12;12
5589;12;12
5590;12;13
5591;12;12
5592;12;12
5593;12;12
5594;12;14
5595;12;14
5596;12;15
5597;12;17
5598;13;18
5599;14;18
5600;13;18
5601;12;17
5602;14;18
5603;14;18
5604;13;18
5605;17;18
5606;16;18
5607;15;19
5608;11;17
5609;11;13
5610;8;13
5611;8;8
5612;8;9
5613;8;9
5614;8;8
5615;8;8
5616;8;10
5617;9;10
5618;9;12
5619;10;12
5620;10;14
5621;13;15
5622;14;17
5623;16;17
5624;15;18
5625;18;18
5626;18;18
5627;18;18
5628;18;18
5629;18;18
5630;18;18
5631;18;18
5632;18;18
5633;18;18
5634;18;18
5635;18;18
5636;18;18
5637;18;18
5638;18;18
5639;18;18
5640;18;18
5641;18;18
5642;18;18
5643;18;18
5644;18;18
5645;18;18
5646;18;18
5647;18;18
5648;18;18
5649;18;18
5650;18;18
5651;18;18
5652;18;18
5653;18;18
5654;18;18
5655;18;18
5656;18;18
5657;18;18
5658;18;18
5659;18;18
5660;18;18
5661;18;18
5662;18;18
5663;18;18
5664;18;18
5665;18;18
5666;18;18
5667;18;18
5668;18;18
5669;18;18
5670;14;18
5671;11;14
5672;9;11
5673;6;9
5674;5;8
5675;1;5
5676;0;1
5677;0;0
5678;0;0
5679;0;2
5680;0;7
5681;1;7
5682;2;9
5683;3;11
5684;4;12
5685;8;13
5686;8;14
5687;8;13
5688;9;14
5689;13;13
5690;12;13
5691;12;14
5692;13;14
5693;12;13
5694;12;12
5695;12;12
5696;12;12
5697;12;12
5698;12;12
5699;12;13
5700;12;13
5701;12;12
5702;12;13
5703;12;12
5704;12;12
5705;12;12
5706;12;13
5707;13;13
5708;12;14
5709;12;14
5710;12;12
5711;12;13
5712;12;12
5713;12;13
5714;12;13
5715;12;13
5716;12;13
5717;12;13
5718;12;12
5719;12;12
5720;12;13
5721;12;13
5722;12;14
5723;13;15
5724;13;16
5725;14;16
5726;14;16
5727;14;16
5728;13;17
5729;15;17
5730;15;17
5731;15;17
5732;16;17
5733;14;17
5734;10;15
5735;8;12
5736;6;9
5737;5;7
5738;5;6
5739;5;5
5740;5;5
5741;5;5
5742;5;7
5743;5;9
5744;6;10
5745;7;11
5746;9;11
5747;9;14
5748;11;14
5749;12;16
5750;12;17
5751;16;17
5752;16;18
5753;17;18
5754;17;18
5755;17;18
5756;17;18
5757;17;18
5758;17;18
5759;18;18
5760;18;18
5761;18;18
5762;18;18
5763;18;18
5764;18;18
5765;18;18
5766;18;18
5767;18;18
5768;18;18
5769;18;18
5770;18;18
5771;18;18
5772;18;18
5773;18;18
5774;18;18
5775;18;18
5776;18;18
5777;18;18
5778;18;18
5779;18;18
5780;18;18
5781;18;18
5782;18;18
5783;18;18
5784;18;18
5785;18;18
5786;18;18
5787;18;18
5788;18;18
5789;18;18
5790;18;18
5791;18;18
5792;18;18
5793;18;18
5794;18;18
5795;18;18
5796;12;18
5797;12;13
5798;10;12
5799;4;10
5800;4;5
5801;1;5
5802;1;2
5803;0;1
5804;0;1
5805;0;2
5806;0;5
5807;0;6
5808;1;8
5809;3;10
5810;4;10
5811;6;12
5812;6;12
5813;8;13
5814;7;12
5815;11;13
5816;11;14
5817;11;15
5818;12;15
5819;13;14
5820;12;13
5821;12;12
5822;12;12
5823;12;12
5824;12;13
5825;12;12
5826;12;12
5827;12;13
5828;12;13
5829;12;13
5830;12;13
5831;12;13
5832;12;13
5833;12;13
5834;13;13
5835;13;14
5836;14;15
5837;13;15
5838;12;13
5839;12;12
5840;12;12
5841;12;12
5842;12;12
5843;12;12
5844;12;12
5845;12;13
5846;12;13
5847;12;15
5848;13;16
5849;13;16
5850;13;17
5851;12;16
5852;13;17
5853;14;17
5854;16;17
5855;16;17
5856;16;17
5857;16;17
5858;16;18
5859;14;18
5860;11;15
5861;8;12
5862;9;9
5863;8;9
5864;7;8
5865;7;7
5866;7;7
5867;7;7
5868;7;9
5869;7;10
5870;7;10
5871;7;11
5872;9;12
5873;9;13
5874;11;14
5875;12;15
5876;12;15
5877;13;16
5878;14;17
5879;16;17
5880;17;17
5881;17;18
5882;17;18
5883;17;18
5884;18;18
5885;18;18
5886;18;18
5887;18;18
5888;18;18
5889;18;18
5890;18;18
5891;18;18
5892;18;18
5893;18;18
5894;18;18
5895;18;18
5896;18;18
5897;18;18
5898;18;18
5899;18;18
5900;18;18
5901;18;18
5902;18;18
5903;18;18
5904;18;18
5905;18;18
5906;18;18
5907;18;18
5908;18;18
5909;18;18
5910;18;18
5911;18;18
5912;18;18
5913;18;18
5914;18;18
5915;18;18
5916;18;18
5917;18;18
5918;18;18
5919;18;18
5920;18;18
5921;18;18
5922;14;18
5923;11;14
5924;7;11
5925;3;7
5926;2;3
5927;1;2
5928;1;2
5929;1;3
5930;0;2
5931;0;4
5932;0;5
5933;1;8
5934;1;10
5935;3;11
5936;4;13
5937;7;12
5938;5;13
5939;8;12
5940;8;13
5941;10;14
5942;11;14
5943;11;12
5944;11;13
5945;12;12
5946;12;13
5947;12;13
5948;12;15
5949;12;13
5950;12;13
5951;12;12
5952;12;13
5953;12;12
5954;12;13
5955;12;14
5956;12;13
5957;13;13
5958;12;13
5959;12;12
5960;12;12
5961;12;12
5962;12;12
5963;12;12
5964;12;12
5965;12;12
5966;12;13
5967;12;12
5968;12;12
5969;12;12
5970;12;13
5971;12;12
5972;12;13
5973;12;14
5974;12;13
5975;12;15
5976;12;16
5977;14;16
5978;14;16
5979;13;16
5980;15;16
5981;15;16
5982;15;16
5983;15;16
5984;16;16
5985;14;16
5986;9;14
5987;7;10
5988;6;8
5989;4;6
5990;4;5
5991;5;5
5992;5;5
5993;5;5
5994;5;6
5995;5;8
5996;5;8
5997;5;10
5998;7;11
5999;7;13
6000;8;13
6001;9;13
6002;8;14
6003;11;15
6004;13;16
6005;13;16
6006;15;17
6007;17;18
6008;18;18
6009;18;18
6010;18;18
6011;18;18
6012;18;18
6013;18;18
6014;18;18
6015;18;18
6016;18;18
6017;18;18
6018;18;18
6019;18;18
6020;18;18
6021;18;18
6022;18;18
6023;18;18
6024;18;18
6025;18;18
6026;18;18
6027;18;18
6028;18;18
6029;18;18
6030;18;18
6031;18;18
6032;18;18
6033;18;18
6034;18;18
6035;18;18
6036;18;18
6037;18;18
6038;18;18
6039;18;18
6040;18;18
6041;18;18
6042;18;18
6043;18;18
6044;18;18
6045;18;18
6046;18;18
6047;18;18
6048;15;18
6049;11;15
6050;11;12
6051;6;11
6052;4;6
6053;3;4
6054;3;4
6055;0;3
6056;0;1
6057;0;3
6058;0;6
6059;0;8
6060;0;8
6061;2;10
6062;3;11
6063;6;12
6064;6;13
6065;5;13
6066;9;14
6067;12;14
6068;12;14
6069;12;13
6070;12;12
6071;12;13
6072;12;13
6073;12;13
6074;12;13
6075;12;14
6076;13;13
6077;12;13
6078;12;12
6079;12;13
6080;12;13
6081;12;14
6082;12;12
6083;12;13
6084;12;13
6085;13;13
6086;12;13
6087;12;12
6088;12;12
6089;12;12
6090;12;12
6091;12;12
6092;12;12
6093;12;12
6094;12;12
6095;12;12
6096;12;12
6097;12;12
6098;12;12
6099;12;14
6100;12;14
6101;12;14
6102;12;14
6103;12;16
6104;13;16
6105;12;17
6106;14;17
6107;15;17
6108;15;17
6109;15;16
6110;15;17
6111;15;18
6112;12;16
6113;8;13
6114;8;9
6115;7;8
6116;7;7
6117;7;7
6118;7;8
6119;8;8
6120;8;10
6121;8;11
6122;9;13
6123;9;13
6124;10;13
6125;11;16
6126;13;17
6127;14;18
6128;16;18
6129;17;18
6130;17;18
6131;17;18
6132;17;18
6133;17;18
6134;17;18
6135;18;18
6136;18;18
6137;18;18
6138;18;18
6139;18;18
6140;18;18
6141;18;18
6142;18;19
6143;18;19
6144;18;19
6145;18;19
6146;18;18
6147;18;18
6148;18;18
6149;18;18
6150;18;18
6151;18;18
6152;18;18
6153;18;18
6154;18;18
6155;18;18
6156;18;18
6157;18;18
6158;18;18
6159;18;18
6160;18;18
6161;18;18
6162;18;18
6163;18;18
6164;18;18
6165;18;18
6166;18;18
6167;18;18
6168;18;18
6169;18;18
6170;18;18
6171;18;18
6172;18;18
6173;18;18
6174;13;18
6175;10;14
6176;8;11
6177;7;9
6178;4;8
6179;2;4
6180;2;2
6181;1;2
6182;0;1
6183;1;3
6184;0;7
6185;0;6
6186;0;10
6187;2;9
6188;3;10
6189;3;12
6190;5;13
6191;7;15
6192;9;13
6193;11;13
6194;11;13
6195;12;13
6196;12;12
6197;12;12
6198;12;13
6199;12;12
6200;12;12
6201;12;13
6202;12;14
6203;12;12
6204;12;14
6205;13;13
6206;12;13
6207;12;13
6208;12;12
6209;12;12
6210;12;12
6211;12;12
6212;12;13
6213;12;12
6214;12;12
6215;12;13
6216;13;13
6217;12;14
6218;12;12
6219;12;13
6220;12;14
6221;12;13
6222;12;14
6223;12;13
6224;12;13
6225;12;15
6226;13;15
6227;12;17
6228;13;16
6229;13;17
6230;14;17
6231;14;17
6232;14;18
6233;16;18
6234;16;18
6235;17;18
6236;17;18
6237;15;18
6238;10;15
6239;8;13
6240;9;10
6241;8;9
6242;7;8
6243;7;7
6244;7;8
6245;7;8
6246;8;10
6247;8;11
6248;8;11
6249;8;13
6250;10;13
6251;9;13
6252;10;14
6253;11;15
6254;11;17
6255;16;17
6256;16;17
6257;17;17
6258;17;17
6259;17;17
6260;17;17
6261;17;17
6262;17;18
6263;18;18
6264;17;18
6265;18;18
6266;18;18
6267;18;18
6268;18;18
6269;18;18
6270;18;18
6271;18;18
6272;18;18
6273;18;18
6274;18;18
6275;18;18
6276;18;18
6277;18;18
6278;18;18
6279;18;18
6280;18;18
6281;18;18
6282;18;18
6283;18;18
6284;18;18
6285;18;18
6286;18;18
6287;18;18
6288;18;18
6289;18;18
6290;18;18
6291;18;18
6292;18;18
6293;18;18
6294;18;18
6295;18;18
6296;18;18
6297;18;18
6298;18;18
6299;18;18
6300;17;18
6301;11;17
6302;8;11
6303;6;9
6304;4;6
6305;1;5
6306;0;2
6307;0;1
6308;0;0
6309;0;2
6310;0;7
6311;0;8
6312;1;10
6313;4;10
6314;5;12
6315;6;12
6316;7;13
6317;8;14
6318;8;12
6319;12;13
6320;11;13
6321;12;14
6322;12;13
6323;12;12
6324;12;12
6325;12;13
6326;12;13
6327;12;14
6328;13;13
6329;12;13
6330;12;12
6331;12;13
6332;12;14
6333;12;14
6334;12;13
6335;13;13
6336;13;13
6337;12;13
6338;12;12
6339;12;12
6340;12;12
6341;12;13
6342;12;13
6343;12;13
6344;12;12
6345;12;12
6346;12;12
6347;12;12
6348;12;12
6349;12;13
6350;13;15
6351;14;17
6352;13;17
6353;13;15
6354;13;17
6355;14;19
6356;15;19
6357;16;19
6358;15;19
6359;16;19
6360;17;19
6361;16;19
6362;18;19
6363;12;20
6364;9;14
6365;12;12
6366;9;12
6367;8;9
6368;8;8
6369;8;8
6370;8;8
6371;8;8
6372;8;10
6373;9;13
6374;10;14
6375;11;16
6376;14;17
6377;15;17
6378;15;18
6379;16;18
6380;16;18
6381;17;18
6382;18;18
6383;18;18
6384;18;18
6385;18;18
6386;18;18
6387;18;18
6388;18;18
6389;18;18
6390;18;18
6391;18;18
6392;18;19
6393;18;19
6394;18;20
6395;19;20
6396;18;19
6397;18;18
6398;18;18
6399;18;18
6400;18;18
6401;18;18
6402;18;18
6403;18;18
6404;18;18
6405;18;18
6406;18;18
6407;18;18
6408;18;18
6409;18;18
6410;18;18
6411;18;18
6412;18;18
6413;18;18
6414;18;18
6415;18;18
6416;18;18
6417;18;18
6418;18;18
6419;18;18
6420;18;18
6421;18;18
6422;18;18
6423;18;18
6424;18;18
6425;18;18
6426;16;18
6427;11;16
6428;9;11
6429;6;9
6430;4;6
6431;3;4
6432;2;4
6433;2;2
6434;0;2
6435;0;5
6436;0;7
6437;0;9
6438;1;9
6439;2;11
6440;3;12
6441;7;13
6442;8;13
6443;8;13
6444;11;12
6445;12;13
6446;12;13
6447;12;15
6448;13;13
6449;12;13
6450;12;13
6451;12;12
6452;12;15
6453;12;15
6454;12;13
6455;12;14
6456;12;13
6457;12;14
6458;12;14
6459;12;12
6460;12;12
6461;12;14
6462;12;13
6463;12;13
6464;12;14
6465;13;15
6466;13;15
6467;13;13
6468;13;14
6469;14;16
6470;13;16
6471;13;15
6472;13;14
6473;13;13
6474;12;13
6475;12;12
6476;12;15
6477;12;15
6478;12;16
6479;12;16
6480;13;17
6481;14;17
6482;13;17
6483;14;17
6484;14;19
6485;15;19
6486;17;19
6487;17;18
6488;17;18
6489;14;18
6490;10;15
6491;8;10
6492;7;9
6493;5;8
6494;6;6
6495;5;6
6496;6;6
6497;6;6
6498;6;7
6499;6;8
6500;6;9
6501;7;10
6502;7;11
6503;8;12
6504;9;12
6505;8;13
6506;10;14
6507;11;15
6508;12;15
6509;14;16
6510;13;16
6511;15;16
6512;16;16
6513;16;17
6514;15;16
6515;16;17
6516;17;17
6517;17;18
6518;18;18
6519;18;18
6520;18;18
6521;18;18
6522;18;18
6523;18;18
6524;18;18
6525;18;18
6526;18;18
6527;18;18
6528;18;18
6529;18;18
6530;18;18
6531;18;18
6532;18;18
6533;18;18
6534;18;18
6535;18;18
6536;18;18
6537;18;18
6538;18;18
6539;18;18
6540;18;18
6541;18;18
6542;18;18
6543;18;18
6544;18;18
6545;18;18
6546;18;18
6547;18;18
6548;18;18
6549;18;18
6550;18;18
6551;18;18
6552;11;18
6553;8;12
6554;7;9
6555;6;8
6556;1;6
6557;0;1
6558;0;0
6559;0;1
6560;0;0
6561;0;4
6562;0;6
6563;0;7
6564;1;7
6565;1;10
6566;4;11
6567;5;13
6568;7;14
6569;7;13
6570;10;13
6571;12;14
6572;12;12
6573;12;13
6574;12;12
6575;12;12
6576;12;12
6577;12;13
6578;13;14
6579;13;14
6580;13;13
6581;13;13
6582;12;13
6583;12;13
6584;12;12
6585;12;12
6586;12;12
6587;12;12
6588;12;12
6589;12;12
6590;12;13
6591;13;13
6592;12;13
6593;12;13
6594;12;13
6595;12;12
6596;11;12
6597;11;12
6598;11;12
6599;11;13
6600;12;14
6601;12;13
6602;12;13
6603;12;15
6604;12;16
6605;13;17
6606;14;17
6607;14;18
6608;15;18
6609;15;18
6610;17;18
6611;17;18
6612;16;18
6613;18;18
6614;18;18
6615;16;18
6616;10;17
6617;13;13
6618;10;13
6619;8;10
6620;7;8
6621;7;8
6622;8;8
6623;8;8
6624;8;11
6625;8;11
6626;8;12
6627;9;13
6628;10;14
6629;11;17
6630;12;17
6631;14;17
6632;14;17
6633;16;17
6634;15;18
6635;17;18
6636;18;18
6637;18;18
6638;18;18
6639;18;18
6640;18;18
6641;18;18
6642;18;18
6643;18;18
6644;18;18
6645;18;18
6646;18;18
6647;18;18
6648;18;18
6649;18;18
6650;18;18
6651;18;18
6652;18;18
6653;18;18
6654;18;18
6655;18;18
6656;18;18
6657;18;18
6658;18;18
6659;18;18
6660;18;18
6661;18;18
6662;18;18
6663;18;18
6664;18;18
6665;18;18
6666;18;18
6667;18;18
6668;18;18
6669;18;18
6670;18;18
6671;18;18
6672;18;18
6673;18;18
6674;18;18
6675;18;18
6676;18;18
6677;18;18
6678;16;18
6679;9;16
6680;7;11
6681;4;7
6682;3;5
6683;1;3
6684;1;1
6685;1;2
6686;0;2
6687;0;3
6688;0;6
6689;0;7
6690;0;7
6691;1;10
6692;4;11
6693;5;13
6694;5;12
6695;6;13
6696;9;12
6697;11;13
6698;12;13
6699;11;14
6700;12;12
6701;12;13
6702;12;13
6703;12;12
6704;12;13
6705;13;14
6706;12;14
6707;12;13
6708;12;14
6709;12;14
6710;12;14
6711;12;13
6712;12;15
6713;12;14
6714;13;14
6715;12;13
6716;12;12
6717;12;13
6718;12;14
6719;12;13
6720;12;12
6721;12;12
6722;12;14
6723;12;14
6724;13;14
6725;13;15
6726;13;14
6727;12;14
6728;12;15
6729;13;15
6730;13;15
6731;13;16
6732;14;16
6733;15;16
6734;15;17
6735;16;17
6736;16;17
6737;16;18
6738;15;18
6739;18;18
6740;18;18
6741;11;19
6742;12;13
6743;8;12
6744;7;8
6745;7;7
6746;7;7
6747;7;7
6748;7;7
6749;7;7
6750;7;9
6751;7;11
6752;8;12
6753;7;14
6754;8;12
6755;8;13
6756;11;15
6757;10;15
6758;13;15
6759;14;17
6760;16;18
6761;17;18
6762;16;18
6763;17;18
6764;16;18
6765;17;18
6766;17;18
6767;16;18
6768;17;18
6769;18;18
6770;18;18
6771;18;18
6772;18;18
6773;18;18
6774;18;18
6775;18;18
6776;18;18
6777;18;18
6778;18;18
6779;18;18
6780;18;18
6781;18;18
6782;18;18
6783;18;18
6784;18;18
6785;18;18
6786;18;18
6787;18;18
6788;18;18
6789;18;18
6790;18;18
6791;18;18
6792;18;18
6793;18;18
6794;18;18
6795;18;18
6796;18;18
6797;18;18
6798;18;18
6799;18;18
6800;18;18
6801;18;18
6802;18;18
6803;18;18
6804;16;18
6805;11;16
6806;9;12
6807;6;9
6808;6;6
6809;2;6
6810;1;2
6811;1;1
6812;0;1
6813;0;6
6814;0;7
6815;0;9
6816;3;12
6817;4;12
6818;4;11
6819;4;11
6820;6;14
6821;8;13
6822;11;13
6823;12;13
6824;13;14
6825;12;14
6826;13;15
6827;14;14
6828;13;14
6829;13;14
6830;12;13
6831;12;12
6832;12;12
6833;12;15
6834;12;13
6835;12;13
6836;12;14
6837;12;12
6838;12;13
6839;13;14
6840;12;14
6841;13;14
6842;13;14
6843;13;14
6844;13;13
6845;12;13
6846;12;13
6847;12;12
6848;12;12
6849;12;13
6850;13;13
6851;12;13
6852;12;12
6853;12;12
6854;13;13
6855;13;14
6856;13;15
6857;13;16
6858;13;16
6859;14;17
6860;15;18
6861;14;18
6862;17;18
6863;17;18
6864;17;18
6865;18;18
6866;18;18
6867;17;18
6868;10;17
6869;9;11
6870;8;9
6871;7;8
6872;6;7
6873;6;7
6874;7;8
6875;8;8
6876;8;9
6877;8;11
6878;8;11
6879;8;12
6880;9;14
6881;11;14
6882;12;14
6883;12;15
6884;12;16
6885;13;16
6886;16;18
6887;17;18
6888;18;18
6889;18;18
6890;18;18
6891;18;18
6892;18;18
6893;18;18
6894;18;18
6895;18;18
6896;18;18
6897;18;18
6898;18;18
6899;18;18
6900;18;18
6901;18;18
6902;18;18
6903;18;18
6904;18;18
6905;18;18
6906;18;18
6907;18;18
6908;18;18
6909;18;18
6910;18;18
6911;18;18
6912;18;18
6913;18;18
6914;18;18
6915;18;18
6916;18;18
6917;18;18
6918;18;18
6919;18;18
6920;18;18
6921;18;18
6922;18;18
6923;18;18
6924;18;18
6925;18;18
6926;18;18
6927;18;18
6928;18;18
6929;18;18
6930;11;18
6931;9;13
6932;5;9
6933;3;5
6934;3;3
6935;2;4
6936;3;3
6937;2;3
6938;2;2
6939;2;4
6940;1;8
6941;0;8
6942;1;9
6943;2;10
6944;4;11
6945;3;13
6946;7;12
6947;7;13
6948;8;13
6949;11;13
6950;11;12
6951;11;12
6952;12;13
6953;12;13
6954;11;13
6955;12;14
6956;12;14
6957;12;14
6958;12;13
6959;12;12
6960;12;12
6961;12;12
6962;12;12
6963;12;12
6964;12;12
6965;12;12
6966;12;12
6967;12;12
6968;12;12
6969;12;12
6970;12;12
6971;12;12
6972;12;12
6973;12;12
6974;12;12
6975;12;12
6976;12;12
6977;12;12
6978;12;12
6979;12;12
6980;12;12
6981;13;14
6982;13;14
6983;13;14
6984;13;15
6985;14;16
6986;14;16
6987;14;16
6988;14;16
6989;14;16
6990;14;16
6991;15;16
6992;15;17
6993;12;16
6994;7;14
6995;8;10
6996;5;9
6997;4;6
6998;5;5
6999;5;6
7000;6;7
7001;7;7
7002;7;11
7003;8;11
7004;8;13
7005;9;15
7006;13;15
7007;13;17
7008;15;17
7009;14;17
7010;15;17
7011;17;17
7012;16;17
7013;16;18
7014;18;18
7015;18;18
7016;18;18
7017;18;18
7018;18;18
7019;18;18
7020;18;18
7021;18;18
7022;18;18
7023;18;18
7024;18;18
7025;18;18
7026;18;18
7027;18;18
7028;18;18
7029;18;18
7030;18;18
7031;18;18
7032;18;18
7033;18;18
7034;18;18
7035;18;18
7036;18;18
7037;18;18
7038;18;18
7039;18;18
7040;18;18
7041;18;18
7042;18;18
7043;18;18
7044;18;18
7045;18;18
7046;18;18
7047;18;18
7048;18;18
7049;18;18
7050;18;18
7051;18;18
7052;18;18
7053;18;18
7054;18;18
7055;18;18
7056;14;18
7057;10;14
7058;8;10
7059;4;9
7060;4;5
7061;1;4
7062;1;2
7063;0;1
7064;0;0
7065;0;3
7066;0;7
7067;0;7
7068;1;8
7069;2;11
7070;5;12
7071;6;13
7072;5;13
7073;7;12
7074;8;12
7075;9;12
7076;12;14
7077;12;13
7078;11;13
7079;12;13
7080;12;13
7081;12;12
7082;12;12
7083;12;12
7084;12;13
7085;12;12
7086;12;13
7087;12;12
7088;12;12
7089;12;12
7090;12;12
7091;12;12
7092;12;12
7093;12;12
7094;12;13
7095;12;12
7096;12;12
7097;12;12
7098;12;12
7099;12;13
7100;12;12
7101;12;12
7102;12;12
7103;12;12
7104;12;13
7105;12;12
7106;13;13
7107;13;14
7108;13;15
7109;14;16
7110;14;17
7111;15;16
7112;15;17
7113;15;17
7114;17;17
7115;17;17
7116;17;17
7117;17;17
7118;17;17
7119;13;18
7120;10;14
7121;7;10
7122;6;7
7123;6;6
7124;6;7
7125;7;7
7126;7;7
7127;7;7
7128;7;10
7129;7;12
7130;9;15
7131;12;15
7132;13;16
7133;14;18
7134;16;18
7135;16;18
7136;16;18
7137;15;18
7138;18;18
7139;18;18
7140;18;18
7141;18;18
7142;18;18
7143;18;18
7144;18;18
7145;18;18
7146;18;18
7147;18;18
7148;18;18
7149;18;18
7150;18;18
7151;18;18
7152;18;18
7153;18;18
7154;18;18
7155;18;18
7156;18;18
7157;18;18
7158;18;18
7159;18;18
7160;18;18
7161;18;18
7162;18;18
7163;18;18
7164;18;18
7165;18;18
7166;18;18
7167;18;18
7168;18;18
7169;18;18
7170;18;18
7171;18;18
7172;18;18
7173;18;18
7174;18;18
7175;18;18
7176;18;18
7177;18;18
7178;18;18
7179;18;18
7180;18;18
7181;18;18
7182;17;18
7183;13;17
7184;9;13
7185;8;10
7186;7;8
7187;4;7
7188;4;4
7189;2;4
7190;0;2
7191;0;4
7192;0;7
7193;0;9
7194;1;11
7195;4;12
7196;7;13
7197;8;12
7198;5;12
7199;6;12
7200;9;12
7201;11;12
7202;12;12
7203;12;12
7204;12;12
7205;11;14
7206;12;12
7207;12;12
7208;12;12
7209;12;12
7210;12;13
7211;12;12
7212;12;13
7213;12;14
7214;12;14
7215;12;13
7216;12;13
7217;12;13
7218;12;12
7219;12;12
7220;12;12
7221;12;12
7222;12;12
7223;12;12
7224;12;12
7225;12;13
7226;12;12
7227;12;12
7228;12;12
7229;12;12
7230;12;12
7231;12;14
7232;12;13
7233;12;14
7234;13;17
7235;13;17
7236;14;18
7237;14;18
7238;14;17
7239;13;18
7240;14;17
7241;15;18
7242;16;18
7243;15;18
7244;18;18
7245;18;18
7246;12;18
7247;9;12
7248;7;9
7249;7;7
7250;6;7
7251;6;6
7252;6;6
7253;6;8
7254;8;8
7255;8;11
7256;8;11
7257;8;12
7258;8;14
7259;10;15
7260;12;15
7261;11;17
7262;13;17
7263;14;17
7264;16;17
7265;17;17
7266;16;18
7267;18;18
7268;18;18
7269;18;18
7270;18;18
7271;18;18
7272;18;19
7273;19;19
7274;18;19
7275;18;19
7276;19;19
7277;19;19
7278;18;19
7279;18;18
7280;18;18
7281;18;18
7282;18;18
7283;18;18
7284;18;18
7285;18;18
7286;18;18
7287;18;18
7288;18;18
7289;18;18
7290;18;18
7291;18;18
7292;18;18
7293;18;18
7294;18;18
7295;18;18
7296;18;18
7297;18;18
7298;18;18
7299;18;18
7300;18;18
7301;18;18
7302;18;18
7303;18;18
7304;18;18
7305;18;18
7306;18;18
7307;18;18
7308;12;18
7309;7;12
7310;7;8
7311;4;8
7312;3;6
7313;1;3
7314;0;1
7315;0;0
7316;0;1
7317;0;0
7318;0;5
7319;0;6
7320;0;6
7321;0;10
7322;3;10
7323;5;12
7324;7;14
7325;7;12
7326;8;12
7327;11;12
7328;10;13
7329;10;12
7330;11;13
7331;11;12
7332;12;12
7333;11;14
7334;12;14
7335;12;16
7336;14;15
7337;14;16
7338;15;15
7339;15;16
7340;15;16
7341;16;16
7342;16;17
7343;16;18
7344;16;16
7345;15;17
7346;15;17
7347;15;17
7348;15;17
7349;15;16
7350;15;15
7351;15;15
7352;15;15
7353;15;16
7354;15;15
7355;15;15
7356;15;15
7357;15;15
7358;15;15
7359;15;18
7360;15;17
7361;15;19
7362;16;20
7363;16;20
7364;16;20
7365;16;19
7366;16;19
7367;16;19
7368;16;19
7369;17;19
7370;18;19
7371;15;20
7372;12;17
7373;10;13
7374;8;10
7375;7;9
7376;6;9
7377;8;9
7378;8;8
7379;8;8
7380;8;10
7381;9;10
7382;9;10
7383;9;11
7384;9;12
7385;11;13
7386;12;14
7387;13;14
7388;13;16
7389;14;17
7390;16;17
7391;16;18
7392;17;18
7393;18;18
7394;18;18
7395;18;18
7396;18;18
7397;18;18
7398;18;18
7399;18;18
7400;18;18
7401;18;18
7402;18;18
7403;18;19
7404;18;19
7405;18;18
7406;18;18
7407;18;18
7408;18;18
7409;18;18
7410;18;18
7411;18;18
7412;18;18
7413;18;18
7414;18;18
7415;18;18
7416;18;18
7417;18;18
7418;17;18
7419;18;18
7420;18;18
7421;18;18
7422;18;18
7423;18;18
7424;18;18
7425;18;18
7426;18;18
7427;18;18
7428;18;18
7429;18;18
7430;18;18
7431;18;18
7432;18;18
7433;18;18
7434;13;18
7435;13;13
7436;9;13
7437;5;9
7438;5;5
7439;3;5
7440;3;3
7441;3;4
7442;3;4
7443;3;6
7444;3;9
7445;3;11
7446;4;13
7447;7;15
7448;7;16
7449;9;15
7450;7;16
7451;9;15
7452;11;15
7453;14;15
7454;15;16
7455;15;16
7456;15;16
7457;15;16
7458;15;15
7459;15;15
7460;15;16
7461;15;15
7462;15;16
7463;15;16
7464;15;16
7465;15;15
7466;15;15
7467;15;16
7468;15;15
7469;15;15
7470;15;15
7471;15;16
7472;15;17
7473;15;16
7474;16;16
7475;15;16
7476;15;16
7477;15;17
7478;17;17
7479;16;17
7480;16;16
7481;15;16
7482;15;15
7483;15;16
7484;15;16
7485;15;17
7486;15;18
7487;15;18
7488;15;18
7489;15;18
7490;15;19
7491;16;19
7492;17;20
7493;17;20
7494;19;20
7495;20;20
7496;19;20
7497;17;21
7498;12;18
7499;10;13
7500;9;11
7501;8;9
7502;8;8
7503;8;9
7504;9;9
7505;9;9
7506;9;11
7507;9;11
7508;9;11
7509;9;12
7510;10;13
7511;12;15
7512;13;16
7513;15;16
7514;15;16
7515;16;17
7516;16;17
7517;17;17
7518;17;17
7519;17;18
7520;18;18
7521;18;18
7522;18;18
7523;18;19
7524;18;19
7525;18;18
7526;18;18
7527;18;18
7528;18;20
7529;19;20
7530;18;20
7531;18;20
7532;18;19
7533;18;19
7534;18;19
7535;18;18
7536;18;18
7537;18;18
7538;18;18
7539;18;18
7540;18;18
7541;18;18
7542;17;18
7543;16;18
7544;17;18
7545;18;18
7546;18;18
7547;18;18
7548;18;18
7549;18;18
7550;18;18
7551;18;18
7552;18;18
7553;18;18
7554;18;18
7555;18;18
7556;18;18
7557;18;18
7558;18;18
7559;18;18
7560;17;18
7561;12;17
7562;9;12
7563;8;10
7564;6;8
7565;3;6
7566;4;4
7567;3;5
7568;3;4
7569;3;7
7570;3;8
7571;3;12
7572;5;10
7573;5;11
7574;7;13
7575;9;15
7576;11;15
7577;12;16
7578;14;16
7579;15;15
7580;14;15
7581;14;15
7582;14;15
7583;15;15
7584;15;16
7585;15;17
7586;15;18
7587;15;15
7588;15;15
7589;15;15
7590;15;15
7591;15;15
7592;15;15
7593;15;15
7594;15;16
7595;15;15
7596;15;15
7597;15;15
7598;15;16
7599;15;16
7600;15;16
7601;15;17
7602;15;17
7603;15;16
7604;15;15
7605;15;15
7606;15;16
7607;15;17
7608;15;16
7609;15;17
7610;15;15
7611;15;17
7612;15;17
7613;15;20
7614;17;21
7615;17;21
7616;18;21
7617;18;21
7618;17;21
7619;20;21
7620;20;21
7621;20;21
7622;20;21
7623;19;22
7624;14;21
7625;16;16
7626;13;16
7627;11;14
7628;11;12
7629;11;12
7630;12;12
7631;12;12
7632;12;13
7633;12;14
7634;12;15
7635;14;17
7636;15;18
7637;16;18
7638;15;18
7639;16;18
7640;16;18
7641;15;18
7642;18;18
7643;18;18
7644;18;18
7645;18;18
7646;18;18
7647;18;18
7648;18;18
7649;18;18
7650;18;19
7651;19;19
7652;18;19
7653;18;18
7654;18;19
7655;18;19
7656;18;18
7657;18;19
7658;18;19
7659;19;19
7660;18;19
7661;18;18
7662;18;18
7663;18;18
7664;18;18
7665;18;18
7666;18;18
7667;18;18
7668;18;18
7669;18;18
7670;18;18
7671;18;18
7672;18;18
7673;19;19
7674;19;19
7675;19;19
7676;19;19
7677;19;19
7678;19;19
7679;19;19
7680;19;19
7681;19;19
7682;19;19
7683;19;19
7684;19;19
7685;19;19
7686;17;19
7687;12;17
7688;13;14
7689;9;13
7690;7;9
7691;6;7
7692;6;6
7693;5;6
7694;5;5
7695;4;7
7696;5;8
7697;5;8
7698;5;10
7699;6;12
7700;7;15
7701;10;14
7702;10;14
7703;10;14
7704;10;16
7705;13;18
7706;13;17
7707;13;16
7708;14;16
7709;15;16
7710;14;18
7711;16;18
7712;15;17
7713;15;16
7714;15;15
7715;14;16
7716;14;17
7717;14;18
7718;15;15
7719;15;15
7720;15;15
7721;15;15
7722;15;15
7723;15;16
7724;15;15
7725;15;17
7726;15;17
7727;15;15
7728;15;17
7729;15;16
7730;16;16
7731;15;16
7732;15;16
7733;15;16
7734;15;16
7735;15;17
7736;16;17
7737;16;19
7738;17;19
7739;17;21
7740;18;21
7741;19;21
7742;18;21
7743;18;20
7744;18;22
7745;20;22
7746;21;22
7747;21;22
7748;22;22
7749;18;22
7750;14;18
7751;12;15
7752;13;13
7753;12;13
7754;11;12
7755;11;12
7756;10;11
7757;10;11
7758;11;13
7759;11;13
7760;11;14
7761;12;14
7762;13;16
7763;15;16
7764;15;17
7765;16;17
7766;16;17
7767;17;18
7768;18;18
7769;18;18
7770;18;18
7771;18;18
7772;18;18
7773;18;18
7774;18;18
7775;18;18
7776;18;18
7777;18;18
7778;18;18
7779;18;18
7780;18;19
7781;18;19
7782;18;19
7783;18;19
7784;18;19
7785;19;19
7786;18;19
7787;18;18
7788;18;18
7789;18;18
7790;18;18
7791;18;18
7792;18;18
7793;18;18
7794;18;18
7795;18;18
7796;17;18
7797;18;18
7798;18;18
7799;19;19
7800;19;19
7801;19;19
7802;19;19
7803;19;19
7804;19;19
7805;19;19
7806;19;19
7807;19;19
7808;19;19
7809;19;19
7810;19;19
7811;19;19
7812;15;19
7813;14;15
7814;11;14
7815;8;11
7816;8;9
7817;6;8
7818;5;6
7819;4;5
7820;4;5
7821;4;8
7822;5;12
7823;6;13
7824;6;13
7825;7;15
7826;8;16
7827;9;15
7828;9;17
7829;11;15
7830;13;16
7831;15;16
7832;15;15
7833;15;15
7834;15;16
7835;15;16
7836;15;17
7837;15;17
7838;15;17
7839;15;17
7840;15;16
7841;15;19
7842;18;18
7843;16;18
7844;16;16
7845;16;17
7846;16;19
7847;16;17
7848;16;17
7849;16;16
7850;16;17
7851;16;17
7852;16;17
7853;16;17
7854;16;16
7855;16;16
7856;16;16
7857;16;16
7858;16;17
7859;16;18
7860;16;18
7861;16;17
7862;16;17
7863;16;17
7864;16;17
7865;16;19
7866;16;20
7867;17;20
7868;18;20
7869;18;20
7870;18;20
7871;18;21
7872;19;20
7873;19;21
7874;20;21
7875;16;21
7876;12;16
7877;12;13
7878;10;12
7879;10;10
7880;10;11
7881;10;11
7882;10;11
7883;11;11
7884;11;12
7885;11;12
7886;11;12
7887;11;14
7888;13;14
7889;12;15
7890;13;17
7891;15;17
7892;15;18
7893;16;18
7894;16;18
7895;16;18
7896;16;18
7897;17;18
7898;17;18
7899;17;18
7900;18;18
7901;18;18
7902;18;18
7903;18;18
7904;18;18
7905;18;18
7906;18;18
7907;18;19
7908;18;19
7909;18;19
7910;18;18
7911;18;18
7912;18;18
7913;18;18
7914;18;18
7915;18;18
7916;18;18
7917;18;18
7918;18;18
7919;18;18
7920;18;18
7921;18;18
7922;18;18
7923;18;18
7924;18;18
7925;18;18
7926;18;18
7927;18;18
7928;18;18
7929;18;18
7930;18;18
7931;18;18
7932;18;18
7933;18;18
7934;18;18
7935;18;18
7936;18;18
7937;18;18
7938;18;18
7939;12;18
7940;11;12
7941;9;12
7942;9;11
7943;7;9
7944;7;8
7945;5;7
7946;4;5
7947;4;9
7948;4;10
7949;4;13
7950;5;14
7951;8;15
7952;10;15
7953;10;16
7954;10;17
7955;11;18
7956;14;16
7957;16;16
7958;16;16
7959;16;16
7960;16;17
7961;16;16
7962;16;16
7963;16;18
7964;16;18
7965;16;17
7966;16;16
7967;16;16
7968;16;16
7969;16;16
7970;16;16
7971;16;17
7972;16;18
7973;16;16
7974;16;16
7975;16;16
7976;16;16
7977;16;17
7978;16;17
7979;16;17
7980;16;17
7981;17;17
7982;16;17
7983;16;17
7984;16;18
7985;16;18
7986;17;18
7987;16;19
7988;16;17
7989;17;19
7990;17;18
7991;17;19
7992;18;20
7993;18;21
7994;18;21
7995;20;22
7996;21;22
7997;20;22
7998;22;22
7999;22;23
8000;23;23
8001;18;23
8002;16;19
8003;13;16
8004;12;14
8005;11;13
8006;11;12
8007;11;11
8008;11;12
8009;11;13
8010;13;13
8011;13;15
8012;13;15
8013;13;16
8014;14;16
8015;14;16
8016;15;17
8017;15;17
8018;16;17
8019;16;17
8020;17;17
8021;17;18
8022;17;18
8023;17;18
8024;17;18
8025;17;18
8026;17;18
8027;17;18
8028;17;18
8029;17;18
8030;17;18
8031;17;18
8032;18;18
8033;18;18
8034;18;18
8035;18;18
8036;18;18
8037;18;18
8038;18;18
8039;18;18
8040;18;18
8041;18;18
8042;18;18
8043;18;18
8044;18;18
8045;18;18
8046;18;18
8047;18;18
8048;18;18
8049;18;18
8050;18;18
8051;18;18
8052;18;18
8053;18;18
8054;18;18
8055;18;18
8056;18;18
8057;18;18
8058;18;18
8059;18;18
8060;18;18
8061;18;18
8062;18;18
8063;18;18
8064;16;18
8065;10;16
8066;10;11
8067;8;10
8068;6;9
8069;7;8
8070;6;9
8071;6;7
8072;5;6
8073;5;9
8074;4;11
8075;4;12
8076;5;13
8077;6;15
8078;9;14
8079;9;17
8080;10;16
8081;12;16
8082;14;16
8083;15;17
8084;15;17
8085;16;16
8086;16;17
8087;16;16
8088;16;16
8089;16;18
8090;16;18
8091;16;17
8092;16;17
8093;16;16
8094;16;16
8095;16;17
8096;16;18
8097;16;16
8098;16;17
8099;16;17
8100;16;16
8101;16;16
8102;16;16
8103;16;17
8104;16;17
8105;16;16
8106;16;16
8107;15;16
8108;16;16
8109;15;17
8110;16;16
8111;16;16
8112;16;16
8113;16;17
8114;16;18
8115;16;17
8116;16;17
8117;16;19
8118;16;20
8119;18;20
8120;18;20
8121;18;21
8122;19;21
8123;18;21
8124;19;21
8125;20;21
8126;20;21
8127;18;21
8128;12;19
8129;12;13
8130;10;12
8131;10;10
8132;8;11
8133;10;10
8134;10;10
8135;10;11
8136;11;12
8137;11;14
8138;12;14
8139;12;15
8140;14;16
8141;15;16
8142;15;16
8143;14;17
8144;15;18
8145;16;18
8146;15;18
8147;17;18
8148;17;18
8149;17;18
8150;17;18
8151;17;18
8152;17;18
8153;18;18
8154;18;18
8155;18;18
8156;18;18
8157;18;18
8158;18;18
8159;18;18
8160;18;18
8161;18;18
8162;18;18
8163;18;18
8164;18;18
8165;18;18
8166;18;18
8167;18;18
8168;18;18
8169;18;18
8170;18;18
8171;18;18
8172;18;18
8173;18;18
8174;18;18
8175;18;18
8176;18;18
8177;18;18
8178;18;18
8179;18;18
8180;18;18
8181;18;18
8182;18;18
8183;18;18
8184;18;18
8185;18;18
8186;18;18
8187;18;18
8188;18;18
8189;18;18
8190;14;18
8191;10;14
8192;9;11
8193;6;10
8194;5;8
8195;4;5
8196;4;5
8197;4;4
8198;4;4
8199;4;6
8200;4;10
8201;4;11
8202;5;14
8203;6;16
8204;9;18
8205;10;17
8206;11;17
8207;12;17
8208;13;18
8209;16;19
8210;16;17
8211;16;17
8212;17;18
8213;16;17
8214;16;17
8215;16;17
8216;16;16
8217;16;17
8218;17;17
8219;16;18
8220;16;17
8221;16;18
8222;16;16
8223;16;16
8224;16;18
8225;16;16
8226;16;16
8227;16;16
8228;16;16
8229;16;17
8230;17;17