Time;mean waiting time;total number of callers actually waiting
1;;2
2;;2
3;;1
4;;0
5;;0
6;;1
7;;1
8;;1
9;;2
10;;0
11;;2
12;;1
13;;0
14;;2
15;;0
16;;1
17;;1
18;;0
19;;1
20;;0
21;;1
22;0;1
23;0;1
24;0;1
25;0;0
26;0;1
27;0;0
28;0;0
29;0;0
30;0;0
31;0;0
32;0;0
33;0.3333333333333333;1
34;0.3333333333333333;1
35;0.5;2
36;0.6;1
37;0.6;2
38;0.6;1
39;0.8333333333333334;0
40;1;1
41;1;1
42;1.125;1
43;1.125;2
44;1.125;2
45;1.1;2
46;1;1
47;0.9166666666666666;0
48;0.9230769230769231;2
49;0.9230769230769231;3
50;0.8;1
51;0.7647058823529411;1
52;0.7647058823529411;1
53;0.7647058823529411;2
54;0.7647058823529411;0
55;0.7777777777777778;1
56;0.7777777777777778;1
57;0.7894736842105263;1
58;0.7894736842105263;1
59;0.7894736842105263;0
60;0.7619047619047619;1
61;0.7619047619047619;1
62;0.7619047619047619;0
63;0.7619047619047619;2
64;0.7619047619047619;1
65;0.7619047619047619;3
66;0.7619047619047619;2
67;0.8260869565217391;4
68;0.875;3
69;0.8461538461538461;3
70;0.8461538461538461;3
71;0.8461538461538461;4
72;0.8461538461538461;2
73;0.8461538461538461;4
74;0.8518518518518519;4
75;0.8518518518518519;2
76;0.8518518518518519;3
77;0.9310344827586207;3
78;0.9310344827586207;3
79;0.9354838709677419;4
80;1;4
81;0.9696969696969697;3
82;0.9696969696969697;3
83;1;3
84;1;1
85;1;1
86;1;2
87;0.9722222222222222;2
88;0.9459459459459459;3
89;0.9487179487179487;1
90;0.9487179487179487;2
91;1;2
92;1;1
93;1;1
94;1.0238095238095237;2
95;1.0238095238095237;2
96;1.0238095238095237;1
97;1;2
98;1.0888888888888888;1
99;1.0888888888888888;2
100;1.065217391304348;2
101;1.065217391304348;1
102;1.0416666666666667;0
103;1.0204081632653061;1
104;1.2941176470588236;1
105;1.2884615384615385;0
106;1.528301886792453;1
107;1.528301886792453;1
108;1.528301886792453;0
109;1.528301886792453;1
110;1.528301886792453;0
111;1.528301886792453;0
112;1.528301886792453;1
113;1.5272727272727273;0
114;1.5178571428571428;1
115;1.5087719298245614;0
116;1.6833333333333333;1
117;1.6833333333333333;0
118;1.6833333333333333;1
119;1.6721311475409837;1
120;1.6774193548387097;1
121;1.6307692307692307;1
122;1.6307692307692307;1
123;1.6307692307692307;1
124;1.6307692307692307;0
125;1.621212121212121;1
126;1.5970149253731343;1
127;1.5970149253731343;0
128;1.5970149253731343;1
129;1.5970149253731343;0
130;1.5970149253731343;2
131;1.5970149253731343;0
132;1.8840579710144927;1
133;1.9;0
134;1.9;2
135;1.9;2
136;1.9;1
137;1.8732394366197183;1
138;1.8356164383561644;0
139;1.8356164383561644;1
140;1.8356164383561644;0
141;1.8243243243243243;0
142;1.8243243243243243;0
143;1.8243243243243243;1
144;1.8133333333333332;0
145;1.8133333333333332;1
146;1.8133333333333332;0
147;1.8026315789473684;0
148;1.8026315789473684;0
149;1.7820512820512822;1
150;1.7820512820512822;0
151;1.7820512820512822;0
152;1.7721518987341771;0
153;1.7195121951219512;1
154;1.6987951807228916;0
155;1.6987951807228916;1
156;1.6987951807228916;1
157;1.6987951807228916;1
158;1.6823529411764706;1
159;1.6823529411764706;1
160;1.6823529411764706;0
161;1.6823529411764706;0
162;1.697674418604651;1
163;1.6781609195402298;1
164;1.6781609195402298;2
165;1.6781609195402298;0
166;1.6818181818181819;0
167;1.6818181818181819;0
168;1.6777777777777778;0
169;1.6777777777777778;1
170;1.6777777777777778;1
171;1.6777777777777778;0
172;1.6777777777777778;1
173;1.6777777777777778;1
174;1.6777777777777778;1
175;1.6777777777777778;0
176;1.6777777777777778;0
177;1.6777777777777778;1
178;1.6777777777777778;0
179;1.6593406593406594;1
180;1.6593406593406594;1
181;1.6630434782608696;1
182;1.6630434782608696;0
183;1.648936170212766;0
184;1.648936170212766;1
185;1.648936170212766;0
186;1.648936170212766;2
187;1.648936170212766;0
188;1.631578947368421;0
189;1.625;1
190;1.625;1
191;1.625;1
192;1.6020408163265305;1
193;1.595959595959596;1
194;1.595959595959596;0
195;1.6;0
196;1.5940594059405941;0
197;1.5940594059405941;0
198;1.5940594059405941;0
199;1.5940594059405941;0
200;1.5940594059405941;0
201;1.5940594059405941;1
202;1.5940594059405941;0
203;1.5784313725490196;1
204;1.5784313725490196;1
205;1.5728155339805825;1
206;1.5961538461538463;0
207;1.5809523809523809;1
208;1.5794392523364487;1
209;1.5794392523364487;1
210;1.5596330275229358;1
211;1.5596330275229358;1
212;1.5596330275229358;2
213;1.5596330275229358;0
214;1.5545454545454545;0
215;1.5545454545454545;1
216;1.5545454545454545;1
217;1.5545454545454545;1
218;1.5398230088495575;0
219;1.5398230088495575;1
220;1.5614035087719298;0
221;1.5614035087719298;0
222;1.5614035087719298;1
223;1.5478260869565217;0
224;1.5478260869565217;0
225;1.5478260869565217;1
226;1.5478260869565217;1
227;1.5478260869565217;1
228;1.5344827586206897;1
229;1.5344827586206897;2
230;1.5344827586206897;2
231;1.5213675213675213;2
232;1.5254237288135593;1
233;1.5254237288135593;0
234;1.5254237288135593;1
235;1.5254237288135593;1
236;1.5126050420168067;1
237;1.5126050420168067;2
238;1.5;1
239;1.4958677685950412;2
240;1.4958677685950412;2
241;1.4958677685950412;1
242;1.4959349593495934;2
243;1.4919354838709677;2
244;1.4919354838709677;1
245;1.48;2
246;1.4645669291338583;2
247;1.4645669291338583;2
248;1.4645669291338583;3
249;1.4645669291338583;2
250;1.4645669291338583;2
251;1.46875;1
252;1.46875;3
253;1.46875;1
254;1.4651162790697674;2
255;1.4651162790697674;2
256;1.4651162790697674;1
257;1.4692307692307693;1
258;1.4885496183206106;0
259;1.4885496183206106;1
260;1.4885496183206106;1
261;1.481203007518797;2
262;1.4776119402985075;1
263;1.4776119402985075;0
264;1.4666666666666666;1
265;1.4666666666666666;0
266;1.4666666666666666;2
267;1.4666666666666666;0
268;1.4705882352941178;2
269;1.4598540145985401;1
270;1.4598540145985401;1
271;1.4598540145985401;1
272;1.4532374100719425;2
273;1.4532374100719425;2
274;1.4428571428571428;3
275;1.4428571428571428;2
276;1.4428571428571428;3
277;1.4295774647887325;2
278;1.4295774647887325;1
279;1.4295774647887325;3
280;1.4545454545454546;3
281;1.4444444444444444;3
282;1.4383561643835616;3
283;1.4189189189189189;3
284;1.5503355704697988;3
285;1.5503355704697988;1
286;1.54;2
287;1.5430463576158941;1
288;1.5430463576158941;2
289;1.5460526315789473;3
290;1.5460526315789473;2
291;1.5460526315789473;2
292;1.5555555555555556;2
293;1.5555555555555556;3
294;1.5584415584415585;1
295;1.5584415584415585;2
296;1.5584415584415585;2
297;1.5584415584415585;2
298;1.5612903225806452;2
299;1.5612903225806452;2
300;1.5541401273885351;2
301;1.5443037974683544;3
302;1.5408805031446542;3
303;1.5408805031446542;3
304;1.5375;2
305;1.5375;2
306;1.5375;1
307;1.565217391304348;1
308;1.565217391304348;1
309;1.565217391304348;2
310;1.5555555555555556;2
311;1.5521472392638036;1
312;1.5521472392638036;2
313;1.5548780487804879;1
314;1.587878787878788;1
315;1.587878787878788;1
316;1.587878787878788;1
317;1.5748502994011977;0
318;1.5654761904761905;1
319;1.5654761904761905;0
320;1.650887573964497;0
321;1.650887573964497;0
322;1.6529411764705881;0
323;1.6432748538011697;0
324;1.6395348837209303;1
325;1.6395348837209303;1
326;1.6379310344827587;1
327;1.6379310344827587;1
328;1.6379310344827587;1
329;1.6379310344827587;1
330;1.6285714285714286;0
331;1.625;0
332;1.625;1
333;1.615819209039548;0
334;1.702247191011236;0
335;1.6927374301675977;0
336;1.6927374301675977;1
337;1.6795580110497237;1
338;1.6795580110497237;1
339;1.6795580110497237;0
340;1.6795580110497237;0
341;1.6795580110497237;1
342;1.6703296703296704;1
343;1.6666666666666667;0
344;1.6666666666666667;1
345;1.6666666666666667;1
346;1.7717391304347827;1
347;1.7621621621621621;0
348;1.7621621621621621;1
349;1.7621621621621621;0
350;1.7580645161290323;0
351;1.7580645161290323;1
352;1.7580645161290323;0
353;1.7580645161290323;1
354;1.7486631016042782;0
355;1.7486631016042782;1
356;1.7354497354497354;0
357;1.7263157894736842;1
358;1.7263157894736842;1
359;1.7263157894736842;1
360;1.7172774869109948;1
361;1.7172774869109948;1
362;1.690721649484536;1
363;1.682051282051282;2
364;1.682051282051282;0
365;1.682051282051282;2
366;1.682051282051282;2
367;1.6734693877551021;2
368;1.6734693877551021;0
369;1.6616161616161615;2
370;1.6616161616161615;1
371;1.6616161616161615;0
372;1.6616161616161615;0
373;1.6616161616161615;1
374;1.6616161616161615;1
375;1.6582914572864322;1
376;1.65;1
377;1.6467661691542288;2
378;1.6467661691542288;2
379;1.6354679802955665;0
380;1.6354679802955665;1
381;1.6354679802955665;1
382;1.6354679802955665;1
383;1.6354679802955665;0
384;1.6372549019607843;2
385;1.6372549019607843;0
386;1.6372549019607843;1
387;1.6262135922330097;2
388;1.6262135922330097;2
389;1.6262135922330097;2
390;1.6262135922330097;2
391;1.6262135922330097;1
392;1.6262135922330097;2
393;1.6346153846153846;3
394;1.6267942583732058;3
395;1.6267942583732058;3
396;1.6267942583732058;2
397;1.6267942583732058;3
398;1.6267942583732058;4
399;1.6303317535545023;3
400;1.6303317535545023;3
401;1.6226415094339623;2
402;1.6226415094339623;4
403;1.6355140186915889;3
404;1.6355140186915889;2
405;1.6355140186915889;3
406;1.6355140186915889;2
407;1.6355140186915889;3
408;1.627906976744186;3
409;1.6296296296296295;3
410;1.6296296296296295;4
411;1.6296296296296295;3
412;1.6296296296296295;4
413;1.6330275229357798;4
414;1.6318181818181818;5
415;1.6334841628959276;4
416;1.6334841628959276;3
417;1.6261261261261262;4
418;1.6261261261261262;4
419;1.6261261261261262;4
420;1.6261261261261262;4
421;1.6278026905829597;4
422;1.6278026905829597;3
423;1.6278026905829597;4
424;1.6177777777777778;2
425;1.6255506607929515;3
426;1.618421052631579;2
427;1.6157205240174672;3
428;1.6217391304347826;2
429;1.632034632034632;3
430;1.6293103448275863;2
431;1.6293103448275863;2
432;1.6293103448275863;3
433;1.6223175965665235;2
434;1.6324786324786325;2
435;1.6324786324786325;3
436;1.6324786324786325;2
437;1.6324786324786325;2
438;1.6324786324786325;2
439;1.6271186440677967;2
440;1.6271186440677967;3
441;1.620253164556962;3
442;1.620253164556962;2
443;1.620253164556962;3
444;1.620253164556962;2
445;1.6276150627615062;3
446;1.6208333333333333;3
447;1.6208333333333333;4
448;1.6141078838174274;1
449;1.6074380165289257;1
450;1.6074380165289257;0
451;1.6074380165289257;2
452;1.5942622950819672;1
453;1.7346938775510203;2
454;1.7317073170731707;2
455;1.7317073170731707;2
456;1.7317073170731707;3
457;1.8582995951417005;3
458;1.8508064516129032;3
459;1.8433734939759037;3
460;1.8433734939759037;3
461;1.8433734939759037;2
462;1.8433734939759037;4
463;1.8433734939759037;3
464;1.8433734939759037;2
465;1.8433734939759037;2
466;1.8433734939759037;3
467;1.8433734939759037;4
468;1.836;3
469;1.836;3
470;1.8326693227091633;3
471;1.8326693227091633;3
472;1.8221343873517786;3
473;1.8221343873517786;4
474;1.8221343873517786;4
475;1.8221343873517786;2
476;2.066666666666667;2
477;2.066666666666667;2
478;2.050387596899225;3
479;2.050387596899225;3
480;2.054054054054054;3
481;2.054054054054054;3
482;2.054054054054054;3
483;2.046153846153846;2
484;2.046153846153846;2
485;2.046153846153846;2
486;2.046153846153846;3
487;2.030534351145038;3
488;2.030534351145038;3
489;2.0228136882129277;3
490;2.018939393939394;3
491;2.0037453183520597;4
492;1.9962686567164178;4
493;1.9962686567164178;4
494;1.9962686567164178;2
495;1.9962686567164178;4
496;1.9962686567164178;3
497;1.9962686567164178;4
498;1.9962686567164178;5
499;1.9962686567164178;6
500;1.9962686567164178;7
501;1.9962686567164178;7
502;1.9962686567164178;5
503;1.9962686567164178;7
504;1.9962686567164178;7
505;1.9925650557620818;8
506;1.9851851851851852;8
507;1.981549815498155;8
508;1.974264705882353;7
509;2.0586080586080584;8
510;2.0586080586080584;7
511;2.0586080586080584;8
512;2.1496350364963503;8
513;2.221014492753623;8
514;2.20863309352518;7
515;2.20863309352518;7
516;2.20863309352518;6
517;2.20863309352518;6
518;2.2007168458781363;6
519;2.2;6
520;2.2;5
521;2.2384341637010676;6
522;2.230496453900709;5
523;2.2261484098939928;6
524;2.221830985915493;5
525;2.2491228070175437;4
526;2.2491228070175437;4
527;2.2491228070175437;5
528;2.2491228070175437;2
529;2.2412587412587412;3
530;2.2412587412587412;3
531;2.2412587412587412;4
532;2.2291666666666665;4
533;2.2275862068965515;4
534;2.2275862068965515;5
535;2.223367697594502;4
536;2.223367697594502;5
537;2.223367697594502;5
538;2.223367697594502;5
539;2.223367697594502;4
540;2.223367697594502;6
541;2.223367697594502;5
542;2.361774744027304;7
543;2.3457627118644067;7
544;2.387205387205387;7
545;2.387205387205387;6
546;2.379194630872483;5
547;2.379194630872483;4
548;2.379194630872483;4
549;2.408026755852843;4
550;2.4066666666666667;4
551;2.4066666666666667;4
552;2.398671096345515;5
553;2.486754966887417;4
554;2.486754966887417;5
555;2.597359735973597;5
556;2.6875;4
557;2.681967213114754;5
558;2.673202614379085;3
559;2.673202614379085;2
560;2.673202614379085;3
561;2.673202614379085;2
562;2.673202614379085;3
563;2.6644951140065145;3
564;2.6644951140065145;2
565;2.6644951140065145;3
566;2.6451612903225805;3
567;2.639871382636656;3
568;2.639871382636656;5
569;2.639871382636656;5
570;2.639871382636656;3
571;2.639871382636656;3
572;2.7628205128205128;3
573;2.8274760383386583;4
574;2.8274760383386583;4
575;2.815873015873016;3
576;2.8860759493670884;3
577;2.8860759493670884;4
578;2.8679245283018866;6
579;2.8679245283018866;4
580;2.8589341692789967;4
581;2.85;4
582;2.8411214953271027;5
583;2.8411214953271027;4
584;2.8411214953271027;5
585;2.8411214953271027;6
586;2.8411214953271027;7
587;2.8792569659442724;7
588;2.9877675840978593;8
589;2.9877675840978593;10
590;2.966666666666667;9
591;2.9577039274924473;5
592;2.9487951807228914;8
593;2.9487951807228914;6
594;2.9487951807228914;5
595;2.93993993993994;5
596;2.934131736526946;4
597;2.934131736526946;4
598;2.934131736526946;5
599;2.934131736526946;5
600;2.9313432835820894;6
601;2.9404761904761907;5
602;2.9404761904761907;6
603;2.9404761904761907;7
604;2.9317507418397626;5
605;2.9317507418397626;6
606;2.9317507418397626;5
607;2.923076923076923;6
608;2.911764705882353;7
609;3.005813953488372;7
610;3.005813953488372;6
611;3.005813953488372;7
612;3.005813953488372;3
613;3.005813953488372;3
614;3.005813953488372;3
615;3.005813953488372;4
616;3.005813953488372;4
617;3.005813953488372;5
618;3.005813953488372;4
619;2.9971014492753625;5
620;3;4
621;3.1432664756446993;6
622;3.1432664756446993;5
623;3.1514285714285712;4
624;3.1514285714285712;4
625;3.1538461538461537;3
626;3.1704545454545454;3
627;3.1643059490084986;3
628;3.1643059490084986;3
629;3.1643059490084986;3
630;3.1643059490084986;4
631;3.1643059490084986;3
632;3.1464788732394364;4
633;3.1464788732394364;3
634;3.1464788732394364;5
635;3.148876404494382;4
636;3.148876404494382;6
637;3.148876404494382;5
638;3.148876404494382;4
639;3.148876404494382;5
640;3.145658263305322;6
641;3.136871508379888;6
642;3.3;6
643;3.3;8
644;3.2845303867403315;6
645;3.356164383561644;5
646;3.356164383561644;6
647;3.356164383561644;6
648;3.356164383561644;5
649;3.349726775956284;5
650;3.349726775956284;5
651;3.349726775956284;6
652;3.346049046321526;6
653;3.346049046321526;6
654;3.418918918918919;5
655;3.418918918918919;4
656;3.418918918918919;5
657;3.4123989218328843;4
658;3.4518716577540105;4
659;3.4518716577540105;4
660;3.4518716577540105;4
661;3.4518716577540105;4
662;3.4518716577540105;3
663;3.4441489361702127;5
664;3.425925925925926;4
665;3.425925925925926;5
666;3.425925925925926;5
667;3.425925925925926;3
668;3.4221635883905015;5
669;3.4221635883905015;5
670;3.4221635883905015;5
671;3.4842105263157896;6
672;3.4842105263157896;6
673;3.4842105263157896;8
674;3.4803149606299213;7
675;3.4803149606299213;8
676;3.4803149606299213;7
677;3.4803149606299213;8
678;3.4803149606299213;8
679;3.5654450261780104;8
680;3.5654450261780104;10
681;3.5520833333333335;11
682;3.538860103626943;10
683;3.5309278350515463;10
684;3.5218508997429305;8
685;3.5218508997429305;8
686;3.5218508997429305;5
687;3.59846547314578;6
688;3.59846547314578;5
689;3.5918367346938775;7
690;3.5918367346938775;5
691;3.5877862595419847;6
692;3.5877862595419847;6
693;3.5877862595419847;5
694;3.649746192893401;5
695;3.649746192893401;6
696;3.640506329113924;5
697;3.640506329113924;7
698;3.72544080604534;5
699;3.72544080604534;6
700;3.7185929648241207;6
701;3.7185929648241207;4
702;3.7185929648241207;4
703;3.74;2
704;3.7306733167082293;4
705;3.7306733167082293;3
706;3.7306733167082293;3
707;3.7306733167082293;3
708;3.7146401985111663;2
709;3.7054455445544554;3
710;3.7054455445544554;3
711;3.7054455445544554;2
712;3.696296296296296;4
713;3.7241379310344827;2
714;3.769607843137255;3
715;3.7756097560975608;3
716;3.8418491484184916;3
717;3.8418491484184916;4
718;3.8418491484184916;3
719;3.8762135922330097;1
720;3.8762135922330097;3
721;3.8762135922330097;2
722;3.944309927360775;0
723;3.944309927360775;2
724;3.944309927360775;1
725;3.9444444444444446;3
726;3.9444444444444446;3
727;3.9373493975903613;3
728;3.92326139088729;5
729;3.9138755980861246;4
730;3.9045346062052504;5
731;3.969047619047619;5
732;3.969047619047619;4
733;4.009501187648456;6
734;4.009501187648456;5
735;4.056872037914692;6
736;4.047281323877068;6
737;4.047281323877068;7
738;4.080188679245283;6
739;4.075294117647059;7
740;4.070422535211268;7
741;4.070422535211268;7
742;4.065573770491803;6
743;4.05607476635514;7
744;4.05607476635514;11
745;4.048951048951049;9
746;4.03953488372093;7
747;4.03953488372093;10
748;4.034802784222737;9
749;4.0625;10
750;4.0577367205542725;10
751;4.050691244239632;10
752;4.034403669724771;8
753;4.034403669724771;8
754;4.093821510297483;7
755;4.093821510297483;6
756;4.093821510297483;7
757;4.093821510297483;6
758;4.093821510297483;6
759;4.077448747152619;7
760;4.068181818181818;7
761;4.058956916099773;7
762;4.052036199095022;9
763;4.052036199095022;7
764;4.052036199095022;6
765;4.0608108108108105;5
766;4.051685393258427;5
767;4.051685393258427;5
768;4.056053811659193;5
769;4.056053811659193;5
770;4.031180400890869;5
771;4.031180400890869;4
772;4.0377777777777775;4
773;4.0377777777777775;4
774;4.0377777777777775;4
775;4.033259423503326;2
776;4.033259423503326;3
777;4.033259423503326;2
778;4.033259423503326;3
779;4.030973451327434;4
780;4.030973451327434;3
781;4.048565121412803;5
782;4.044052863436123;5
783;4.035164835164835;4
784;4.144420131291028;4
785;4.1965065502183405;5
786;4.1965065502183405;5
787;4.1965065502183405;4
788;4.187363834422658;4
789;4.187363834422658;5
790;4.178260869565217;5
791;4.2299349240780915;3
792;4.2299349240780915;3
793;4.2299349240780915;4
794;4.2844827586206895;5
795;4.2844827586206895;5
796;4.27741935483871;4
797;4.26824034334764;3
798;4.26824034334764;2
799;4.259100642398287;4
800;4.25;4
801;4.3070362473347545;5
802;4.3070362473347545;6
803;4.360934182590234;7
804;4.360934182590234;6
805;4.360934182590234;8
806;4.3446088794926006;6
807;4.3354430379746836;5
808;4.3354430379746836;7
809;4.3354430379746836;6
810;4.3354430379746836;6
811;4.3354430379746836;5
812;4.3354430379746836;7
813;4.326315789473684;7
814;4.317226890756302;7
815;4.310272536687631;8
816;4.310272536687631;8
817;4.301255230125523;8
818;4.30625;9
819;4.3097713097713095;8
820;4.300829875518672;10
821;4.300829875518672;8
822;4.300829875518672;7
823;4.358178053830228;8
824;4.358178053830228;8
825;4.358178053830228;7
826;4.351239669421488;7
827;4.348453608247422;7
828;4.348453608247422;7
829;4.448559670781893;8
830;4.449691991786447;8
831;4.449691991786447;8
832;4.449691991786447;7
833;4.449691991786447;6
834;4.439672801635992;7
835;4.479591836734694;7
836;4.479591836734694;8
837;4.483739837398374;7
838;4.483739837398374;6
839;4.483739837398374;7
840;4.474645030425964;5
841;4.474645030425964;4
842;4.467611336032388;7
843;4.467611336032388;7
844;4.460606060606061;6
845;4.460606060606061;8
846;4.451612903225806;8
847;4.451612903225806;7
848;4.451612903225806;7
849;4.490945674044266;8
850;4.550200803212851;9
851;4.550200803212851;9
852;4.536;8
853;4.534930139720559;7
854;4.534930139720559;9
855;4.534930139720559;10
856;4.534930139720559;9
857;4.534930139720559;9
858;4.569721115537849;8
859;4.613095238095238;7
860;4.613095238095238;8
861;4.613095238095238;8
862;4.603960396039604;6
863;4.603960396039604;8
864;4.594861660079052;7
865;4.587771203155818;6
866;4.616895874263261;6
867;4.616895874263261;5
868;4.673189823874756;6
869;4.6640625;5
870;4.6640625;7
871;4.711500974658869;6
872;4.750972762645914;5
873;4.750972762645914;4
874;4.750972762645914;5
875;4.741747572815534;5
876;4.74031007751938;6
877;4.74468085106383;6
878;4.74468085106383;5
879;4.795366795366795;6
880;4.786127167630058;5
881;4.786127167630058;6
882;4.825;5
883;4.825;5
884;4.81573896353167;5
885;4.806513409961686;5
886;4.803059273422562;5
887;4.788571428571428;6
888;4.768939393939394;5
889;4.768939393939394;5
890;4.768939393939394;4
891;4.790566037735849;4
892;4.790566037735849;4
893;4.790566037735849;4
894;4.834274952919021;2
895;4.828947368421052;3
896;4.823639774859287;2
897;4.823639774859287;2
898;4.823639774859287;2
899;4.823639774859287;2
900;4.854477611940299;1
901;4.888268156424581;1
902;4.87569573283859;1
903;4.987060998151571;0
904;4.987060998151571;0
905;4.987060998151571;0
906;4.988929889298893;0
907;4.988929889298893;1
908;4.988929889298893;0
909;4.988929889298893;1
910;4.988929889298893;1
911;4.988929889298893;2
912;4.983425414364641;1
913;4.974264705882353;2
914;4.974264705882353;2
915;5.021978021978022;3
916;5.021978021978022;3
917;5.021978021978022;4
918;5.021978021978022;2
919;5.021978021978022;3
920;5.021978021978022;2
921;5.012797074954296;2
922;5.012797074954296;2
923;5.012797074954296;2
924;5.0036496350364965;2
925;5.040072859744991;3
926;5.108892921960073;2
927;5.094032549728753;3
928;5.094032549728753;2
929;5.094032549728753;2
930;5.094032549728753;2
931;5.094032549728753;2
932;5.094032549728753;3
933;5.094032549728753;3
934;5.084837545126354;4
935;5.084837545126354;3
936;5.084837545126354;2
937;5.129729729729729;3
938;5.125899280575539;2
939;5.125899280575539;3
940;5.11669658886894;2
941;5.11669658886894;1
942;5.11669658886894;1
943;5.11669658886894;0
944;5.11669658886894;0
945;5.11669658886894;1
946;5.11669658886894;1
947;5.0837789661319075;1
948;5.0837789661319075;1
949;5.076512455516014;2
950;5.067495559502665;2
951;5.0638297872340425;2
952;5.0638297872340425;1
953;5.0638297872340425;2
954;5.0638297872340425;1
955;5.0638297872340425;2
956;5.0638297872340425;2
957;5.0638297872340425;3
958;5.0638297872340425;4
959;5.0638297872340425;4
960;5.056637168141593;4
961;5.056637168141593;3
962;5.056637168141593;4
963;5.049469964664311;3
964;5.049469964664311;3
965;5.049469964664311;4
966;5.044091710758377;4
967;5.036971830985915;4
968;5.031634446397188;3
969;5.031634446397188;5
970;5.031634446397188;4
971;5.071929824561403;5
972;5.113835376532399;6
973;5.113835376532399;6
974;5.104895104895105;5
975;5.0959860383944156;3
976;5.08;3
977;5.08;4
978;5.062391681109186;3
979;5.062391681109186;2
980;5.062391681109186;2
981;5.057093425605537;2
982;5.057093425605537;3
983;5.057093425605537;2
984;5.051813471502591;2
985;5.051813471502591;1
986;5.051813471502591;2
987;5.043103448275862;2
988;5.043103448275862;1
989;5.043103448275862;2
990;5.043103448275862;2
991;5.036144578313253;2
992;5.036144578313253;2
993;5.02229845626072;2
994;5.02229845626072;1
995;5.027303754266212;2
996;5.027303754266212;2
997;5.018739352640545;1
998;5.018739352640545;1
999;5.018739352640545;1
1000;5.006791171477079;1
1001;5.006791171477079;1
1002;5.006791171477079;1
1003;5.006791171477079;0
1004;5.0288135593220336;0
1005;5.0288135593220336;0
1006;5.028716216216216;1
1007;5.023608768971332;1
1008;5.0286195286195285;2
1009;5.026890756302521;1
1010;5.023489932885906;0
1011;5.058626465661642;0
1012;5.058626465661642;0
1013;5.058626465661642;1
1014;5.058626465661642;1
1015;5.058626465661642;0
1016;5.058626465661642;1
1017;5.045075125208681;1
1018;5.045075125208681;1
1019;5.045075125208681;2
1020;5.045075125208681;1
1021;5.045075125208681;1
1022;5.083333333333333;0
1023;5.083333333333333;1
1024;5.083333333333333;0
1025;5.083333333333333;1
1026;5.083333333333333;1
1027;5.091514143094842;0
1028;5.083056478405315;1
1029;5.066225165562914;0
1030;5.066225165562914;1
1031;5.066225165562914;1
1032;5.066225165562914;0
1033;5.066225165562914;2
1034;5.066225165562914;1
1035;5.066225165562914;1
1036;5.0578512396694215;1
1037;5.054455445544554;0
1038;5.049423393739703;2
1039;5.049423393739703;1
1040;5.042763157894737;1
1041;5.0344827586206895;1
1042;5.0344827586206895;0
1043;5.0344827586206895;0
1044;5.026229508196721;1
1045;5.018003273322423;0
1046;5.018003273322423;1
1047;5.009803921568627;1
1048;5.009803921568627;1
1049;5.009803921568627;1
1050;4.993485342019544;1
1051;4.9869918699186995;2
1052;4.982142857142857;3
1053;4.975688816855754;3
1054;4.972491909385114;5
1055;4.972491909385114;5
1056;4.972491909385114;6
1057;4.966074313408724;4
1058;4.961290322580645;4
1059;4.956521739130435;5
1060;4.956521739130435;5
1061;4.956521739130435;5
1062;4.956521739130435;3
1063;4.951768488745981;5
1064;4.951768488745981;5
1065;4.951768488745981;7
1066;4.9375;6
1067;4.9375;5
1068;4.936;6
1069;4.931309904153355;5
1070;4.931309904153355;6
1071;4.917197452229299;5
1072;4.910969793322734;5
1073;4.910969793322734;5
1074;4.910969793322734;4
1075;4.910969793322734;5
1076;4.9001584786053884;5
1077;4.9001584786053884;5
1078;4.893987341772152;5
1079;4.893987341772152;5
1080;4.893987341772152;5
1081;4.893987341772152;5
1082;4.893987341772152;5
1083;4.893987341772152;4
1084;4.893987341772152;6
1085;4.893987341772152;6
1086;4.884858044164038;5
1087;4.884858044164038;6
1088;4.891338582677165;6
1089;4.891338582677165;6
1090;4.891338582677165;7
1091;4.891338582677165;8
1092;4.8948194662480375;9
1093;4.8948194662480375;9
1094;4.894984326018808;8
1095;4.894984326018808;8
1096;4.89358372456964;9
1097;4.89358372456964;9
1098;4.9078125;10
1099;4.9078125;7
1100;4.90015600624025;9
1101;4.90015600624025;7
1102;4.90015600624025;7
1103;4.928348909657321;7
1104;4.947286821705426;8
1105;4.939628482972136;8
1106;4.931993817619784;8
1107;4.931993817619784;4
1108;4.924382716049383;5
1109;4.924382716049383;5
1110;4.9399075500770415;6
1111;4.935384615384615;6
1112;4.927803379416282;5
1113;4.921779141104294;4
1114;4.921779141104294;5
1115;4.915773353751915;5
1116;4.909785932721713;5
1117;4.909785932721713;3
1118;4.909785932721713;4
1119;4.909785932721713;5
1120;4.909785932721713;5
1121;4.902290076335878;5
1122;4.902290076335878;6
1123;4.902290076335878;4
1124;4.902290076335878;4
1125;4.896341463414634;5
1126;4.896341463414634;5
1127;4.890410958904109;6
1128;4.890410958904109;7
1129;4.890410958904109;6
1130;4.912121212121212;5
1131;4.954682779456193;5
1132;4.947209653092006;7
1133;4.966867469879518;7
1134;4.981954887218045;7
1135;4.976047904191617;6
1136;4.968609865470852;4
1137;4.967164179104477;2
1138;4.965722801788376;0
1139;4.965722801788376;1
1140;4.958333333333333;1
1141;4.958333333333333;1
1142;5;1
1143;5.0385756676557865;2
1144;5.107828655834564;1
1145;5.107828655834564;1
1146;5.107828655834564;1
1147;5.107828655834564;1
1148;5.100294985250738;2
1149;5.086764705882353;0
1150;5.086764705882353;1
1151;5.065885797950219;1
1152;5.065885797950219;1
1153;5.056934306569343;2
1154;5.056934306569343;3
1155;5.037790697674419;3
1156;5.030478955007257;1
1157;5.030478955007257;2
1158;5.030478955007257;2
1159;5.030478955007257;2
1160;5.066666666666666;2
1161;5.114161849710983;2
1162;5.114161849710983;3
1163;5.114161849710983;2
1164;5.142857142857143;2
1165;5.138328530259366;3
1166;5.138328530259366;2
1167;5.138328530259366;3
1168;5.138328530259366;3
1169;5.132374100719424;4
1170;5.132374100719424;3
1171;5.132374100719424;4
1172;5.1205164992826395;4
1173;5.114613180515759;3
1174;5.104285714285714;2
1175;5.104285714285714;3
1176;5.09700427960057;2
1177;5.09700427960057;3
1178;5.09700427960057;2
1179;5.095441595441596;3
1180;5.095441595441596;2
1181;5.095441595441596;3
1182;5.095441595441596;3
1183;5.095441595441596;4
1184;5.088193456614509;3
1185;5.088193456614509;4
1186;5.079432624113475;4
1187;5.079432624113475;5
1188;5.073654390934844;4
1189;5.073654390934844;3
1190;5.073654390934844;5
1191;5.069306930693069;3
1192;5.062146892655368;4
1193;5.056417489421721;4
1194;5.056417489421721;4
1195;5.056417489421721;4
1196;5.049295774647887;4
1197;5.049295774647887;4
1198;5.049295774647887;3
1199;5.049295774647887;4
1200;5.046348314606742;4
1201;5.046348314606742;5
1202;5.0392706872370265;5
1203;5.0392706872370265;5
1204;5.035014005602241;3
1205;5.035014005602241;4
1206;5.048882681564246;3
1207;5.044630404463041;4
1208;5.044630404463041;5
1209;5.03899721448468;3
1210;5.03899721448468;5
1211;5.03899721448468;5
1212;5.0680555555555555;6
1213;5.0680555555555555;5
1214;5.056786703601108;5
1215;5.056786703601108;5
1216;5.052558782849239;6
1217;5.052558782849239;5
1218;5.041379310344827;5
1219;5.041379310344827;3
1220;5.041379310344827;5
1221;5.041379310344827;3
1222;5.037190082644628;3
1223;5.037190082644628;2
1224;5.037190082644628;3
1225;5.052269601100413;2
1226;5.052269601100413;4
1227;5.03840877914952;3
1228;5.03840877914952;3
1229;5.03840877914952;4
1230;5.035616438356165;3
1231;5.051912568306011;1
1232;5.050477489768077;3
1233;5.046321525885559;3
1234;5.046321525885559;1
1235;5.046321525885559;4
1236;5.046321525885559;1
1237;5.0421768707483;1
1238;5.0421768707483;1
1239;5.0421768707483;2
1240;5.104477611940299;1
1241;5.104477611940299;1
1242;5.104477611940299;2
1243;5.097560975609756;2
1244;5.090663058186739;0
1245;5.090663058186739;1
1246;5.090663058186739;2
1247;5.090663058186739;1
1248;5.083783783783784;1
1249;5.0888290713324364;0
1250;5.071045576407506;1
1251;5.072289156626506;1
1252;5.065508021390374;1
1253;5.065508021390374;1
1254;5.065508021390374;1
1255;5.0627503337783715;1
1256;5.0627503337783715;0
1257;5.0627503337783715;1
1258;5.056;1
1259;5.056;1
1260;5.070478723404255;1
1261;5.070478723404255;2
1262;5.06631299734748;2
1263;5.06631299734748;1
1264;5.06631299734748;2
1265;5.059602649006623;1
1266;5.059602649006623;1
1267;5.055555555555555;2
1268;5.093667546174142;2
1269;5.088274044795784;2
1270;5.088274044795784;2
1271;5.088274044795784;3
1272;5.081578947368421;1
1273;5.073490813648294;1
1274;5.073490813648294;2
1275;5.073490813648294;2
1276;5.073490813648294;1
1277;5.073394495412844;1
1278;5.073394495412844;1
1279;5.073394495412844;1
1280;5.073394495412844;1
1281;5.073394495412844;1
1282;5.066753926701571;0
1283;5.060130718954248;1
1284;5.057441253263708;1
1285;5.046875;0
1286;5.035064935064935;0
1287;5.035064935064935;0
1288;5.031128404669261;1
1289;5.02720207253886;1
1290;5.02720207253886;1
1291;5.0219922380336355;1
1292;5.015503875968992;2
1293;5.015503875968992;0
1294;5.010322580645162;3
1295;5.010322580645162;0
1296;5.010322580645162;0
1297;5.006443298969073;1
1298;5.002574002574002;1
1299;4.9961439588688945;1
1300;4.9961439588688945;0
1301;4.9961439588688945;0
1302;4.9961439588688945;0
1303;4.9961439588688945;0
1304;4.989730423620026;1
1305;4.983333333333333;1
1306;4.983333333333333;1
1307;4.983333333333333;2
1308;4.983333333333333;2
1309;4.983333333333333;1
1310;4.983333333333333;3
1311;4.9769526248399485;3
1312;4.9769526248399485;3
1313;4.971867007672635;4
1314;4.98343949044586;1
1315;4.98343949044586;3
1316;4.977099236641221;1
1317;4.9707750952986025;1
1318;4.9707750952986025;0
1319;4.9707750952986025;0
1320;4.9707750952986025;1
1321;4.9707750952986025;1
1322;4.9707750952986025;1
1323;4.969543147208122;1
1324;4.969543147208122;1
1325;4.969543147208122;1
1326;4.965779467680608;0
1327;4.962025316455696;2
1328;4.957016434892541;2
1329;4.950819672131147;2
1330;4.950819672131147;3
1331;4.944584382871536;2
1332;4.944584382871536;1
1333;4.944584382871536;1
1334;4.944584382871536;0
1335;4.939622641509434;0
1336;4.937185929648241;0
1337;4.937185929648241;1
1338;4.94228356336261;0
1339;4.94228356336261;2
1340;4.9411027568922306;2
1341;4.937421777221527;1
1342;4.937421777221527;1
1343;4.937421777221527;1
1344;4.937578027465668;1
1345;4.937578027465668;0
1346;4.937578027465668;1
1347;4.937578027465668;1
1348;4.937578027465668;1
1349;4.937578027465668;1
1350;4.937578027465668;0
1351;4.93640897755611;1
1352;4.93640897755611;1
1353;4.93640897755611;0
1354;4.930261519302615;2
1355;4.924129353233831;1
1356;4.919254658385094;0
1357;4.91439205955335;1
1358;4.91439205955335;0
1359;4.91439205955335;2
1360;4.903465346534653;2
1361;4.903465346534653;1
1362;4.898765432098766;1
1363;4.89272503082614;1
1364;4.889162561576355;2
1365;4.889162561576355;1
1366;4.889162561576355;3
1367;4.889162561576355;2
1368;4.885608856088561;2
1369;4.885608856088561;1
1370;4.885608856088561;2
1371;4.877300613496932;2
1372;4.877300613496932;2
1373;4.8713235294117645;3
1374;4.8713235294117645;2